circuit_path,noisy_z_json,target_y_json
../../tutorials/data/ising_zne_hardware/100q_brisbane/step_01_J48.pk::#0,"[0.0, 0.0, 0.0, 0.0, 0.0]","[0.0, 0.0, 0.0, 0.0, 0.0]"
../../tutorials/data/ising_zne_hardware/100q_brisbane/step_04_J21.pk::#0,"[0.0, 0.0, 0.0, 0.0, 0.0]","[0.0, 0.0, 0.0, 0.0, 0.0]"
../../tutorials/data/ising_zne_hardware/100q_brisbane/step_09_J10.pk::#0,"[0.0, 0.0, 0.0, 0.0, 0.0]","[0.0, 0.0, 0.0, 0.0, 0.0]"
../../tutorials/data/ising_zne_hardware/100q_brisbane/step_10_J23.pk::#0,"[0.0, 0.0, 0.0, 0.0, 0.0]","[0.0, 0.0, 0.0, 0.0, 0.0]"
../../tutorials/data/ising_zne_hardware/100q_brisbane/step_10_J12.pk::#0,"[0.0, 0.0, 0.0, 0.0, 0.0]","[0.0, 0.0, 0.0, 0.0, 0.0]"
../../tutorials/data/ising_zne_hardware/100q_brisbane/step_02_J07.pk::#0,"[0.0, 0.0, 0.0, 0.0, 0.0]","[0.0, 0.0, 0.0, 0.0, 0.0]"
../../tutorials/data/ising_zne_hardware/100q_brisbane/step_10_J07.pk::#0,"[0.0, 0.0, 0.0, 0.0, 0.0]","[0.0, 0.0, 0.0, 0.0, 0.0]"
../../tutorials/data/ising_zne_hardware/100q_brisbane/step_04_J29.pk::#0,"[0.0, 0.0, 0.0, 0.0, 0.0]","[0.0, 0.0, 0.0, 0.0, 0.0]"
../../tutorials/data/ising_zne_hardware/100q_brisbane/step_02_J25.pk::#0,"[0.0, 0.0, 0.0, 0.0, 0.0]","[0.0, 0.0, 0.0, 0.0, 0.0]"
../../tutorials/data/ising_zne_hardware/100q_brisbane/step_05_J00.pk::#0,"[0.0, 0.0, 0.0, 0.0, 0.0]","[0.0, 0.0, 0.0, 0.0, 0.0]"
../../tutorials/data/ising_zne_hardware/100q_brisbane/step_01_J14.pk::#0,"[0.0, 0.0, 0.0, 0.0, 0.0]","[0.0, 0.0, 0.0, 0.0, 0.0]"
../../tutorials/data/ising_zne_hardware/100q_brisbane/step_02_J43.pk::#0,"[0.0, 0.0, 0.0, 0.0, 0.0]","[0.0, 0.0, 0.0, 0.0, 0.0]"
../../tutorials/data/ising_zne_hardware/100q_brisbane/step_02_J42.pk::#0,"[0.0, 0.0, 0.0, 0.0, 0.0]","[0.0, 0.0, 0.0, 0.0, 0.0]"
../../tutorials/data/ising_zne_hardware/100q_brisbane/step_09_J32.pk::#0,"[0.0, 0.0, 0.0, 0.0, 0.0]","[0.0, 0.0, 0.0, 0.0, 0.0]"
../../tutorials/data/ising_zne_hardware/100q_brisbane/step_10_J14.pk::#0,"[0.0, 0.0, 0.0, 0.0, 0.0]","[0.0, 0.0, 0.0, 0.0, 0.0]"
../../tutorials/data/ising_zne_hardware/100q_brisbane/step_08_J06.pk::#0,"[0.0, 0.0, 0.0, 0.0, 0.0]","[0.0, 0.0, 0.0, 0.0, 0.0]"
../../tutorials/data/ising_zne_hardware/100q_brisbane/step_01_J19.pk::#0,"[0.0, 0.0, 0.0, 0.0, 0.0]","[0.0, 0.0, 0.0, 0.0, 0.0]"
../../tutorials/data/ising_zne_hardware/100q_brisbane/step_01_J46.pk::#0,"[0.0, 0.0, 0.0, 0.0, 0.0]","[0.0, 0.0, 0.0, 0.0, 0.0]"
../../tutorials/data/ising_zne_hardware/100q_brisbane/step_02_J37.pk::#0,"[0.0, 0.0, 0.0, 0.0, 0.0]","[0.0, 0.0, 0.0, 0.0, 0.0]"
../../tutorials/data/ising_zne_hardware/100q_brisbane/step_06_J38.pk::#0,"[0.0, 0.0, 0.0, 0.0, 0.0]","[0.0, 0.0, 0.0, 0.0, 0.0]"
../../tutorials/data/ising_zne_hardware/100q_brisbane/step_01_J45.pk::#0,"[0.0, 0.0, 0.0, 0.0, 0.0]","[0.0, 0.0, 0.0, 0.0, 0.0]"
../../tutorials/data/ising_zne_hardware/100q_brisbane/step_05_J28.pk::#0,"[0.0, 0.0, 0.0, 0.0, 0.0]","[0.0, 0.0, 0.0, 0.0, 0.0]"
../../tutorials/data/ising_zne_hardware/100q_brisbane/step_01_J32.pk::#0,"[0.0, 0.0, 0.0, 0.0, 0.0]","[0.0, 0.0, 0.0, 0.0, 0.0]"
../../tutorials/data/ising_zne_hardware/100q_brisbane/step_09_J23.pk::#0,"[0.0, 0.0, 0.0, 0.0, 0.0]","[0.0, 0.0, 0.0, 0.0, 0.0]"
../../tutorials/data/ising_zne_hardware/100q_brisbane/step_03_J06.pk::#0,"[0.0, 0.0, 0.0, 0.0, 0.0]","[0.0, 0.0, 0.0, 0.0, 0.0]"
../../tutorials/data/ising_zne_hardware/100q_brisbane/step_09_J45.pk::#0,"[0.0, 0.0, 0.0, 0.0, 0.0]","[0.0, 0.0, 0.0, 0.0, 0.0]"
../../tutorials/data/ising_zne_hardware/100q_brisbane/step_06_J07.pk::#0,"[0.0, 0.0, 0.0, 0.0, 0.0]","[0.0, 0.0, 0.0, 0.0, 0.0]"
../../tutorials/data/ising_zne_hardware/100q_brisbane/step_01_J37.pk::#0,"[0.0, 0.0, 0.0, 0.0, 0.0]","[0.0, 0.0, 0.0, 0.0, 0.0]"
../../tutorials/data/ising_zne_hardware/100q_brisbane/step_07_J04.pk::#0,"[0.0, 0.0, 0.0, 0.0, 0.0]","[0.0, 0.0, 0.0, 0.0, 0.0]"
../../tutorials/data/ising_zne_hardware/100q_brisbane/step_01_J18.pk::#0,"[0.0, 0.0, 0.0, 0.0, 0.0]","[0.0, 0.0, 0.0, 0.0, 0.0]"
../../tutorials/data/ising_zne_hardware/100q_brisbane/step_02_J03.pk::#0,"[0.0, 0.0, 0.0, 0.0, 0.0]","[0.0, 0.0, 0.0, 0.0, 0.0]"
../../tutorials/data/ising_zne_hardware/100q_brisbane/step_02_J35.pk::#0,"[0.0, 0.0, 0.0, 0.0, 0.0]","[0.0, 0.0, 0.0, 0.0, 0.0]"
../../tutorials/data/ising_zne_hardware/100q_brisbane/step_10_J40.pk::#0,"[0.0, 0.0, 0.0, 0.0, 0.0]","[0.0, 0.0, 0.0, 0.0, 0.0]"
../../tutorials/data/ising_zne_hardware/100q_brisbane/step_02_J47.pk::#0,"[0.0, 0.0, 0.0, 0.0, 0.0]","[0.0, 0.0, 0.0, 0.0, 0.0]"
../../tutorials/data/ising_zne_hardware/100q_brisbane/step_01_J20.pk::#0,"[0.0, 0.0, 0.0, 0.0, 0.0]","[0.0, 0.0, 0.0, 0.0, 0.0]"
../../tutorials/data/ising_zne_hardware/100q_brisbane/step_05_J40.pk::#0,"[0.0, 0.0, 0.0, 0.0, 0.0]","[0.0, 0.0, 0.0, 0.0, 0.0]"
../../tutorials/data/ising_zne_hardware/100q_brisbane/step_01_J41.pk::#0,"[0.0, 0.0, 0.0, 0.0, 0.0]","[0.0, 0.0, 0.0, 0.0, 0.0]"
../../tutorials/data/ising_zne_hardware/100q_brisbane/step_10_J34.pk::#0,"[0.0, 0.0, 0.0, 0.0, 0.0]","[0.0, 0.0, 0.0, 0.0, 0.0]"
../../tutorials/data/ising_zne_hardware/100q_brisbane/step_06_J18.pk::#0,"[0.0, 0.0, 0.0, 0.0, 0.0]","[0.0, 0.0, 0.0, 0.0, 0.0]"
../../tutorials/data/ising_zne_hardware/100q_brisbane/step_09_J09.pk::#0,"[0.0, 0.0, 0.0, 0.0, 0.0]","[0.0, 0.0, 0.0, 0.0, 0.0]"
../../tutorials/data/ising_zne_hardware/100q_brisbane/step_03_J08.pk::#0,"[0.0, 0.0, 0.0, 0.0, 0.0]","[0.0, 0.0, 0.0, 0.0, 0.0]"
../../tutorials/data/ising_zne_hardware/100q_brisbane/step_06_J41.pk::#0,"[0.0, 0.0, 0.0, 0.0, 0.0]","[0.0, 0.0, 0.0, 0.0, 0.0]"
../../tutorials/data/ising_zne_hardware/100q_brisbane/step_09_J38.pk::#0,"[0.0, 0.0, 0.0, 0.0, 0.0]","[0.0, 0.0, 0.0, 0.0, 0.0]"
../../tutorials/data/ising_zne_hardware/100q_brisbane/step_07_J43.pk::#0,"[0.0, 0.0, 0.0, 0.0, 0.0]","[0.0, 0.0, 0.0, 0.0, 0.0]"
../../tutorials/data/ising_zne_hardware/100q_brisbane/step_06_J10.pk::#0,"[0.0, 0.0, 0.0, 0.0, 0.0]","[0.0, 0.0, 0.0, 0.0, 0.0]"
../../tutorials/data/ising_zne_hardware/100q_brisbane/step_05_J09.pk::#0,"[0.0, 0.0, 0.0, 0.0, 0.0]","[0.0, 0.0, 0.0, 0.0, 0.0]"
../../tutorials/data/ising_zne_hardware/100q_brisbane/step_02_J45.pk::#0,"[0.0, 0.0, 0.0, 0.0, 0.0]","[0.0, 0.0, 0.0, 0.0, 0.0]"
../../tutorials/data/ising_zne_hardware/100q_brisbane/step_05_J25.pk::#0,"[0.0, 0.0, 0.0, 0.0, 0.0]","[0.0, 0.0, 0.0, 0.0, 0.0]"
../../tutorials/data/ising_zne_hardware/100q_brisbane/step_05_J32.pk::#0,"[0.0, 0.0, 0.0, 0.0, 0.0]","[0.0, 0.0, 0.0, 0.0, 0.0]"
../../tutorials/data/ising_zne_hardware/100q_brisbane/step_04_J44.pk::#0,"[0.0, 0.0, 0.0, 0.0, 0.0]","[0.0, 0.0, 0.0, 0.0, 0.0]"
../../tutorials/data/ising_zne_hardware/100q_brisbane/step_09_J27.pk::#0,"[0.0, 0.0, 0.0, 0.0, 0.0]","[0.0, 0.0, 0.0, 0.0, 0.0]"
../../tutorials/data/ising_zne_hardware/100q_brisbane/step_06_J44.pk::#0,"[0.0, 0.0, 0.0, 0.0, 0.0]","[0.0, 0.0, 0.0, 0.0, 0.0]"
../../tutorials/data/ising_zne_hardware/100q_brisbane/step_02_J22.pk::#0,"[0.0, 0.0, 0.0, 0.0, 0.0]","[0.0, 0.0, 0.0, 0.0, 0.0]"
../../tutorials/data/ising_zne_hardware/100q_brisbane/step_01_J25.pk::#0,"[0.0, 0.0, 0.0, 0.0, 0.0]","[0.0, 0.0, 0.0, 0.0, 0.0]"
../../tutorials/data/ising_zne_hardware/100q_brisbane/step_10_J17.pk::#0,"[0.0, 0.0, 0.0, 0.0, 0.0]","[0.0, 0.0, 0.0, 0.0, 0.0]"
../../tutorials/data/ising_zne_hardware/100q_brisbane/step_08_J49.pk::#0,"[0.0, 0.0, 0.0, 0.0, 0.0]","[0.0, 0.0, 0.0, 0.0, 0.0]"
../../tutorials/data/ising_zne_hardware/100q_brisbane/step_04_J38.pk::#0,"[0.0, 0.0, 0.0, 0.0, 0.0]","[0.0, 0.0, 0.0, 0.0, 0.0]"
../../tutorials/data/ising_zne_hardware/100q_brisbane/step_09_J41.pk::#0,"[0.0, 0.0, 0.0, 0.0, 0.0]","[0.0, 0.0, 0.0, 0.0, 0.0]"
../../tutorials/data/ising_zne_hardware/100q_brisbane/step_10_J42.pk::#0,"[0.0, 0.0, 0.0, 0.0, 0.0]","[0.0, 0.0, 0.0, 0.0, 0.0]"
../../tutorials/data/ising_zne_hardware/100q_brisbane/step_09_J06.pk::#0,"[0.0, 0.0, 0.0, 0.0, 0.0]","[0.0, 0.0, 0.0, 0.0, 0.0]"
../../tutorials/data/ising_zne_hardware/100q_brisbane/step_01_J07.pk::#0,"[0.0, 0.0, 0.0, 0.0, 0.0]","[0.0, 0.0, 0.0, 0.0, 0.0]"
../../tutorials/data/ising_zne_hardware/100q_brisbane/step_02_J09.pk::#0,"[0.0, 0.0, 0.0, 0.0, 0.0]","[0.0, 0.0, 0.0, 0.0, 0.0]"
../../tutorials/data/ising_zne_hardware/100q_brisbane/step_02_J29.pk::#0,"[0.0, 0.0, 0.0, 0.0, 0.0]","[0.0, 0.0, 0.0, 0.0, 0.0]"
../../tutorials/data/ising_zne_hardware/100q_brisbane/step_07_J02.pk::#0,"[0.0, 0.0, 0.0, 0.0, 0.0]","[0.0, 0.0, 0.0, 0.0, 0.0]"
../../tutorials/data/ising_zne_hardware/100q_brisbane/step_03_J29.pk::#0,"[0.0, 0.0, 0.0, 0.0, 0.0]","[0.0, 0.0, 0.0, 0.0, 0.0]"
../../tutorials/data/ising_zne_hardware/100q_brisbane/step_07_J38.pk::#0,"[0.0, 0.0, 0.0, 0.0, 0.0]","[0.0, 0.0, 0.0, 0.0, 0.0]"
../../tutorials/data/ising_zne_hardware/100q_brisbane/step_05_J10.pk::#0,"[0.0, 0.0, 0.0, 0.0, 0.0]","[0.0, 0.0, 0.0, 0.0, 0.0]"
../../tutorials/data/ising_zne_hardware/100q_brisbane/step_04_J02.pk::#0,"[0.0, 0.0, 0.0, 0.0, 0.0]","[0.0, 0.0, 0.0, 0.0, 0.0]"
../../tutorials/data/ising_zne_hardware/100q_brisbane/step_03_J45.pk::#0,"[0.0, 0.0, 0.0, 0.0, 0.0]","[0.0, 0.0, 0.0, 0.0, 0.0]"
../../tutorials/data/ising_zne_hardware/100q_brisbane/step_05_J39.pk::#0,"[0.0, 0.0, 0.0, 0.0, 0.0]","[0.0, 0.0, 0.0, 0.0, 0.0]"
../../tutorials/data/ising_zne_hardware/100q_brisbane/step_10_J29.pk::#0,"[0.0, 0.0, 0.0, 0.0, 0.0]","[0.0, 0.0, 0.0, 0.0, 0.0]"
../../tutorials/data/ising_zne_hardware/100q_brisbane/step_04_J24.pk::#0,"[0.0, 0.0, 0.0, 0.0, 0.0]","[0.0, 0.0, 0.0, 0.0, 0.0]"
../../tutorials/data/ising_zne_hardware/100q_brisbane/step_10_J00.pk::#0,"[0.0, 0.0, 0.0, 0.0, 0.0]","[0.0, 0.0, 0.0, 0.0, 0.0]"
../../tutorials/data/ising_zne_hardware/100q_brisbane/step_06_J43.pk::#0,"[0.0, 0.0, 0.0, 0.0, 0.0]","[0.0, 0.0, 0.0, 0.0, 0.0]"
../../tutorials/data/ising_zne_hardware/100q_brisbane/step_05_J16.pk::#0,"[0.0, 0.0, 0.0, 0.0, 0.0]","[0.0, 0.0, 0.0, 0.0, 0.0]"
../../tutorials/data/ising_zne_hardware/100q_brisbane/step_08_J22.pk::#0,"[0.0, 0.0, 0.0, 0.0, 0.0]","[0.0, 0.0, 0.0, 0.0, 0.0]"
../../tutorials/data/ising_zne_hardware/100q_brisbane/step_03_J04.pk::#0,"[0.0, 0.0, 0.0, 0.0, 0.0]","[0.0, 0.0, 0.0, 0.0, 0.0]"
../../tutorials/data/ising_zne_hardware/100q_brisbane/step_08_J20.pk::#0,"[0.0, 0.0, 0.0, 0.0, 0.0]","[0.0, 0.0, 0.0, 0.0, 0.0]"
../../tutorials/data/ising_zne_hardware/100q_brisbane/step_10_J01.pk::#0,"[0.0, 0.0, 0.0, 0.0, 0.0]","[0.0, 0.0, 0.0, 0.0, 0.0]"
../../tutorials/data/ising_zne_hardware/100q_brisbane/step_04_J49.pk::#0,"[0.0, 0.0, 0.0, 0.0, 0.0]","[0.0, 0.0, 0.0, 0.0, 0.0]"
../../tutorials/data/ising_zne_hardware/100q_brisbane/step_06_J03.pk::#0,"[0.0, 0.0, 0.0, 0.0, 0.0]","[0.0, 0.0, 0.0, 0.0, 0.0]"
../../tutorials/data/ising_zne_hardware/100q_brisbane/step_05_J41.pk::#0,"[0.0, 0.0, 0.0, 0.0, 0.0]","[0.0, 0.0, 0.0, 0.0, 0.0]"
../../tutorials/data/ising_zne_hardware/100q_brisbane/step_05_J17.pk::#0,"[0.0, 0.0, 0.0, 0.0, 0.0]","[0.0, 0.0, 0.0, 0.0, 0.0]"
../../tutorials/data/ising_zne_hardware/100q_brisbane/step_09_J12.pk::#0,"[0.0, 0.0, 0.0, 0.0, 0.0]","[0.0, 0.0, 0.0, 0.0, 0.0]"
../../tutorials/data/ising_zne_hardware/100q_brisbane/step_01_J29.pk::#0,"[0.0, 0.0, 0.0, 0.0, 0.0]","[0.0, 0.0, 0.0, 0.0, 0.0]"
../../tutorials/data/ising_zne_hardware/100q_brisbane/step_04_J00.pk::#0,"[0.0, 0.0, 0.0, 0.0, 0.0]","[0.0, 0.0, 0.0, 0.0, 0.0]"
../../tutorials/data/ising_zne_hardware/100q_brisbane/step_02_J18.pk::#0,"[0.0, 0.0, 0.0, 0.0, 0.0]","[0.0, 0.0, 0.0, 0.0, 0.0]"
../../tutorials/data/ising_zne_hardware/100q_brisbane/step_01_J34.pk::#0,"[0.0, 0.0, 0.0, 0.0, 0.0]","[0.0, 0.0, 0.0, 0.0, 0.0]"
../../tutorials/data/ising_zne_hardware/100q_brisbane/step_08_J47.pk::#0,"[0.0, 0.0, 0.0, 0.0, 0.0]","[0.0, 0.0, 0.0, 0.0, 0.0]"
../../tutorials/data/ising_zne_hardware/100q_brisbane/step_04_J16.pk::#0,"[0.0, 0.0, 0.0, 0.0, 0.0]","[0.0, 0.0, 0.0, 0.0, 0.0]"
../../tutorials/data/ising_zne_hardware/100q_brisbane/step_03_J31.pk::#0,"[0.0, 0.0, 0.0, 0.0, 0.0]","[0.0, 0.0, 0.0, 0.0, 0.0]"
../../tutorials/data/ising_zne_hardware/100q_brisbane/step_06_J16.pk::#0,"[0.0, 0.0, 0.0, 0.0, 0.0]","[0.0, 0.0, 0.0, 0.0, 0.0]"
../../tutorials/data/ising_zne_hardware/100q_brisbane/step_07_J12.pk::#0,"[0.0, 0.0, 0.0, 0.0, 0.0]","[0.0, 0.0, 0.0, 0.0, 0.0]"
../../tutorials/data/ising_zne_hardware/100q_brisbane/step_04_J06.pk::#0,"[0.0, 0.0, 0.0, 0.0, 0.0]","[0.0, 0.0, 0.0, 0.0, 0.0]"
../../tutorials/data/ising_zne_hardware/100q_brisbane/step_02_J10.pk::#0,"[0.0, 0.0, 0.0, 0.0, 0.0]","[0.0, 0.0, 0.0, 0.0, 0.0]"
../../tutorials/data/ising_zne_hardware/100q_brisbane/step_03_J00.pk::#0,"[0.0, 0.0, 0.0, 0.0, 0.0]","[0.0, 0.0, 0.0, 0.0, 0.0]"
../../tutorials/data/ising_zne_hardware/100q_brisbane/step_07_J29.pk::#0,"[0.0, 0.0, 0.0, 0.0, 0.0]","[0.0, 0.0, 0.0, 0.0, 0.0]"
../../tutorials/data/ising_zne_hardware/100q_brisbane/step_08_J23.pk::#0,"[0.0, 0.0, 0.0, 0.0, 0.0]","[0.0, 0.0, 0.0, 0.0, 0.0]"
../../tutorials/data/ising_zne_hardware/100q_brisbane/step_04_J01.pk::#0,"[0.0, 0.0, 0.0, 0.0, 0.0]","[0.0, 0.0, 0.0, 0.0, 0.0]"
../../tutorials/data/ising_zne_hardware/100q_brisbane/step_03_J33.pk::#0,"[0.0, 0.0, 0.0, 0.0, 0.0]","[0.0, 0.0, 0.0, 0.0, 0.0]"
../../tutorials/data/ising_zne_hardware/100q_brisbane/step_01_J35.pk::#0,"[0.0, 0.0, 0.0, 0.0, 0.0]","[0.0, 0.0, 0.0, 0.0, 0.0]"
../../tutorials/data/ising_zne_hardware/100q_brisbane/step_08_J25.pk::#0,"[0.0, 0.0, 0.0, 0.0, 0.0]","[0.0, 0.0, 0.0, 0.0, 0.0]"
../../tutorials/data/ising_zne_hardware/100q_brisbane/step_09_J16.pk::#0,"[0.0, 0.0, 0.0, 0.0, 0.0]","[0.0, 0.0, 0.0, 0.0, 0.0]"
../../tutorials/data/ising_zne_hardware/100q_brisbane/step_08_J21.pk::#0,"[0.0, 0.0, 0.0, 0.0, 0.0]","[0.0, 0.0, 0.0, 0.0, 0.0]"
../../tutorials/data/ising_zne_hardware/100q_brisbane/step_01_J23.pk::#0,"[0.0, 0.0, 0.0, 0.0, 0.0]","[0.0, 0.0, 0.0, 0.0, 0.0]"
../../tutorials/data/ising_zne_hardware/100q_brisbane/step_09_J02.pk::#0,"[0.0, 0.0, 0.0, 0.0, 0.0]","[0.0, 0.0, 0.0, 0.0, 0.0]"
../../tutorials/data/ising_zne_hardware/100q_brisbane/step_03_J16.pk::#0,"[0.0, 0.0, 0.0, 0.0, 0.0]","[0.0, 0.0, 0.0, 0.0, 0.0]"
../../tutorials/data/ising_zne_hardware/100q_brisbane/step_04_J35.pk::#0,"[0.0, 0.0, 0.0, 0.0, 0.0]","[0.0, 0.0, 0.0, 0.0, 0.0]"
../../tutorials/data/ising_zne_hardware/100q_brisbane/step_08_J00.pk::#0,"[0.0, 0.0, 0.0, 0.0, 0.0]","[0.0, 0.0, 0.0, 0.0, 0.0]"
../../tutorials/data/ising_zne_hardware/100q_brisbane/step_02_J20.pk::#0,"[0.0, 0.0, 0.0, 0.0, 0.0]","[0.0, 0.0, 0.0, 0.0, 0.0]"
../../tutorials/data/ising_zne_hardware/100q_brisbane/step_06_J37.pk::#0,"[0.0, 0.0, 0.0, 0.0, 0.0]","[0.0, 0.0, 0.0, 0.0, 0.0]"
../../tutorials/data/ising_zne_hardware/100q_brisbane/step_06_J11.pk::#0,"[0.0, 0.0, 0.0, 0.0, 0.0]","[0.0, 0.0, 0.0, 0.0, 0.0]"
../../tutorials/data/ising_zne_hardware/100q_brisbane/step_10_J43.pk::#0,"[0.0, 0.0, 0.0, 0.0, 0.0]","[0.0, 0.0, 0.0, 0.0, 0.0]"
../../tutorials/data/ising_zne_hardware/100q_brisbane/step_06_J23.pk::#0,"[0.0, 0.0, 0.0, 0.0, 0.0]","[0.0, 0.0, 0.0, 0.0, 0.0]"
../../tutorials/data/ising_zne_hardware/100q_brisbane/step_10_J49.pk::#0,"[0.0, 0.0, 0.0, 0.0, 0.0]","[0.0, 0.0, 0.0, 0.0, 0.0]"
../../tutorials/data/ising_zne_hardware/100q_brisbane/step_03_J01.pk::#0,"[0.0, 0.0, 0.0, 0.0, 0.0]","[0.0, 0.0, 0.0, 0.0, 0.0]"
../../tutorials/data/ising_zne_hardware/100q_brisbane/step_06_J49.pk::#0,"[0.0, 0.0, 0.0, 0.0, 0.0]","[0.0, 0.0, 0.0, 0.0, 0.0]"
../../tutorials/data/ising_zne_hardware/100q_brisbane/step_06_J15.pk::#0,"[0.0, 0.0, 0.0, 0.0, 0.0]","[0.0, 0.0, 0.0, 0.0, 0.0]"
../../tutorials/data/ising_zne_hardware/100q_brisbane/step_08_J05.pk::#0,"[0.0, 0.0, 0.0, 0.0, 0.0]","[0.0, 0.0, 0.0, 0.0, 0.0]"
../../tutorials/data/ising_zne_hardware/100q_brisbane/step_09_J29.pk::#0,"[0.0, 0.0, 0.0, 0.0, 0.0]","[0.0, 0.0, 0.0, 0.0, 0.0]"
../../tutorials/data/ising_zne_hardware/100q_brisbane/step_08_J04.pk::#0,"[0.0, 0.0, 0.0, 0.0, 0.0]","[0.0, 0.0, 0.0, 0.0, 0.0]"
../../tutorials/data/ising_zne_hardware/100q_brisbane/step_07_J17.pk::#0,"[0.0, 0.0, 0.0, 0.0, 0.0]","[0.0, 0.0, 0.0, 0.0, 0.0]"
../../tutorials/data/ising_zne_hardware/100q_brisbane/step_08_J26.pk::#0,"[0.0, 0.0, 0.0, 0.0, 0.0]","[0.0, 0.0, 0.0, 0.0, 0.0]"
../../tutorials/data/ising_zne_hardware/100q_brisbane/step_07_J39.pk::#0,"[0.0, 0.0, 0.0, 0.0, 0.0]","[0.0, 0.0, 0.0, 0.0, 0.0]"
../../tutorials/data/ising_zne_hardware/100q_brisbane/step_06_J12.pk::#0,"[0.0, 0.0, 0.0, 0.0, 0.0]","[0.0, 0.0, 0.0, 0.0, 0.0]"
../../tutorials/data/ising_zne_hardware/100q_brisbane/step_08_J44.pk::#0,"[0.0, 0.0, 0.0, 0.0, 0.0]","[0.0, 0.0, 0.0, 0.0, 0.0]"
../../tutorials/data/ising_zne_hardware/100q_brisbane/step_01_J40.pk::#0,"[0.0, 0.0, 0.0, 0.0, 0.0]","[0.0, 0.0, 0.0, 0.0, 0.0]"
../../tutorials/data/ising_zne_hardware/100q_brisbane/step_10_J09.pk::#0,"[0.0, 0.0, 0.0, 0.0, 0.0]","[0.0, 0.0, 0.0, 0.0, 0.0]"
../../tutorials/data/ising_zne_hardware/100q_brisbane/step_07_J37.pk::#0,"[0.0, 0.0, 0.0, 0.0, 0.0]","[0.0, 0.0, 0.0, 0.0, 0.0]"
../../tutorials/data/ising_zne_hardware/100q_brisbane/step_03_J21.pk::#0,"[0.0, 0.0, 0.0, 0.0, 0.0]","[0.0, 0.0, 0.0, 0.0, 0.0]"
../../tutorials/data/ising_zne_hardware/100q_brisbane/step_08_J41.pk::#0,"[0.0, 0.0, 0.0, 0.0, 0.0]","[0.0, 0.0, 0.0, 0.0, 0.0]"
../../tutorials/data/ising_zne_hardware/100q_brisbane/step_02_J27.pk::#0,"[0.0, 0.0, 0.0, 0.0, 0.0]","[0.0, 0.0, 0.0, 0.0, 0.0]"
../../tutorials/data/ising_zne_hardware/100q_brisbane/step_10_J10.pk::#0,"[0.0, 0.0, 0.0, 0.0, 0.0]","[0.0, 0.0, 0.0, 0.0, 0.0]"
../../tutorials/data/ising_zne_hardware/100q_brisbane/step_05_J33.pk::#0,"[0.0, 0.0, 0.0, 0.0, 0.0]","[0.0, 0.0, 0.0, 0.0, 0.0]"
../../tutorials/data/ising_zne_hardware/100q_brisbane/step_07_J35.pk::#0,"[0.0, 0.0, 0.0, 0.0, 0.0]","[0.0, 0.0, 0.0, 0.0, 0.0]"
../../tutorials/data/ising_zne_hardware/100q_brisbane/step_03_J20.pk::#0,"[0.0, 0.0, 0.0, 0.0, 0.0]","[0.0, 0.0, 0.0, 0.0, 0.0]"
../../tutorials/data/ising_zne_hardware/100q_brisbane/step_04_J45.pk::#0,"[0.0, 0.0, 0.0, 0.0, 0.0]","[0.0, 0.0, 0.0, 0.0, 0.0]"
../../tutorials/data/ising_zne_hardware/100q_brisbane/step_09_J25.pk::#0,"[0.0, 0.0, 0.0, 0.0, 0.0]","[0.0, 0.0, 0.0, 0.0, 0.0]"
../../tutorials/data/ising_zne_hardware/100q_brisbane/step_01_J39.pk::#0,"[0.0, 0.0, 0.0, 0.0, 0.0]","[0.0, 0.0, 0.0, 0.0, 0.0]"
../../tutorials/data/ising_zne_hardware/100q_brisbane/step_07_J07.pk::#0,"[0.0, 0.0, 0.0, 0.0, 0.0]","[0.0, 0.0, 0.0, 0.0, 0.0]"
../../tutorials/data/ising_zne_hardware/100q_brisbane/step_04_J22.pk::#0,"[0.0, 0.0, 0.0, 0.0, 0.0]","[0.0, 0.0, 0.0, 0.0, 0.0]"
../../tutorials/data/ising_zne_hardware/100q_brisbane/step_06_J28.pk::#0,"[0.0, 0.0, 0.0, 0.0, 0.0]","[0.0, 0.0, 0.0, 0.0, 0.0]"
../../tutorials/data/ising_zne_hardware/100q_brisbane/step_10_J39.pk::#0,"[0.0, 0.0, 0.0, 0.0, 0.0]","[0.0, 0.0, 0.0, 0.0, 0.0]"
../../tutorials/data/ising_zne_hardware/100q_brisbane/step_06_J35.pk::#0,"[0.0, 0.0, 0.0, 0.0, 0.0]","[0.0, 0.0, 0.0, 0.0, 0.0]"
../../tutorials/data/ising_zne_hardware/100q_brisbane/step_08_J46.pk::#0,"[0.0, 0.0, 0.0, 0.0, 0.0]","[0.0, 0.0, 0.0, 0.0, 0.0]"
../../tutorials/data/ising_zne_hardware/100q_brisbane/step_07_J34.pk::#0,"[0.0, 0.0, 0.0, 0.0, 0.0]","[0.0, 0.0, 0.0, 0.0, 0.0]"
../../tutorials/data/ising_zne_hardware/100q_brisbane/step_09_J17.pk::#0,"[0.0, 0.0, 0.0, 0.0, 0.0]","[0.0, 0.0, 0.0, 0.0, 0.0]"
../../tutorials/data/ising_zne_hardware/100q_brisbane/step_05_J15.pk::#0,"[0.0, 0.0, 0.0, 0.0, 0.0]","[0.0, 0.0, 0.0, 0.0, 0.0]"
../../tutorials/data/ising_zne_hardware/100q_brisbane/step_09_J21.pk::#0,"[0.0, 0.0, 0.0, 0.0, 0.0]","[0.0, 0.0, 0.0, 0.0, 0.0]"
../../tutorials/data/ising_zne_hardware/100q_brisbane/step_08_J42.pk::#0,"[0.0, 0.0, 0.0, 0.0, 0.0]","[0.0, 0.0, 0.0, 0.0, 0.0]"
../../tutorials/data/ising_zne_hardware/100q_brisbane/step_10_J30.pk::#0,"[0.0, 0.0, 0.0, 0.0, 0.0]","[0.0, 0.0, 0.0, 0.0, 0.0]"
../../tutorials/data/ising_zne_hardware/100q_brisbane/step_01_J00.pk::#0,"[0.0, 0.0, 0.0, 0.0, 0.0]","[0.0, 0.0, 0.0, 0.0, 0.0]"
../../tutorials/data/ising_zne_hardware/100q_brisbane/step_05_J44.pk::#0,"[0.0, 0.0, 0.0, 0.0, 0.0]","[0.0, 0.0, 0.0, 0.0, 0.0]"
../../tutorials/data/ising_zne_hardware/100q_brisbane/step_07_J27.pk::#0,"[0.0, 0.0, 0.0, 0.0, 0.0]","[0.0, 0.0, 0.0, 0.0, 0.0]"
../../tutorials/data/ising_zne_hardware/100q_brisbane/step_01_J01.pk::#0,"[0.0, 0.0, 0.0, 0.0, 0.0]","[0.0, 0.0, 0.0, 0.0, 0.0]"
../../tutorials/data/ising_zne_hardware/100q_brisbane/step_05_J13.pk::#0,"[0.0, 0.0, 0.0, 0.0, 0.0]","[0.0, 0.0, 0.0, 0.0, 0.0]"
../../tutorials/data/ising_zne_hardware/100q_brisbane/step_06_J45.pk::#0,"[0.0, 0.0, 0.0, 0.0, 0.0]","[0.0, 0.0, 0.0, 0.0, 0.0]"
../../tutorials/data/ising_zne_hardware/100q_brisbane/step_04_J12.pk::#0,"[0.0, 0.0, 0.0, 0.0, 0.0]","[0.0, 0.0, 0.0, 0.0, 0.0]"
../../tutorials/data/ising_zne_hardware/100q_brisbane/step_03_J32.pk::#0,"[0.0, 0.0, 0.0, 0.0, 0.0]","[0.0, 0.0, 0.0, 0.0, 0.0]"
../../tutorials/data/ising_zne_hardware/100q_brisbane/step_09_J04.pk::#0,"[0.0, 0.0, 0.0, 0.0, 0.0]","[0.0, 0.0, 0.0, 0.0, 0.0]"
../../tutorials/data/ising_zne_hardware/100q_brisbane/step_01_J16.pk::#0,"[0.0, 0.0, 0.0, 0.0, 0.0]","[0.0, 0.0, 0.0, 0.0, 0.0]"
../../tutorials/data/ising_zne_hardware/100q_brisbane/step_02_J04.pk::#0,"[0.0, 0.0, 0.0, 0.0, 0.0]","[0.0, 0.0, 0.0, 0.0, 0.0]"
../../tutorials/data/ising_zne_hardware/100q_brisbane/step_09_J46.pk::#0,"[0.0, 0.0, 0.0, 0.0, 0.0]","[0.0, 0.0, 0.0, 0.0, 0.0]"
../../tutorials/data/ising_zne_hardware/100q_brisbane/step_04_J03.pk::#0,"[0.0, 0.0, 0.0, 0.0, 0.0]","[0.0, 0.0, 0.0, 0.0, 0.0]"
../../tutorials/data/ising_zne_hardware/100q_brisbane/step_10_J18.pk::#0,"[0.0, 0.0, 0.0, 0.0, 0.0]","[0.0, 0.0, 0.0, 0.0, 0.0]"
../../tutorials/data/ising_zne_hardware/100q_brisbane/step_01_J03.pk::#0,"[0.0, 0.0, 0.0, 0.0, 0.0]","[0.0, 0.0, 0.0, 0.0, 0.0]"
../../tutorials/data/ising_zne_hardware/100q_brisbane/step_05_J27.pk::#0,"[0.0, 0.0, 0.0, 0.0, 0.0]","[0.0, 0.0, 0.0, 0.0, 0.0]"
../../tutorials/data/ising_zne_hardware/100q_brisbane/step_04_J25.pk::#0,"[0.0, 0.0, 0.0, 0.0, 0.0]","[0.0, 0.0, 0.0, 0.0, 0.0]"
../../tutorials/data/ising_zne_hardware/100q_brisbane/step_01_J05.pk::#0,"[0.0, 0.0, 0.0, 0.0, 0.0]","[0.0, 0.0, 0.0, 0.0, 0.0]"
../../tutorials/data/ising_zne_hardware/100q_brisbane/step_01_J02.pk::#0,"[0.0, 0.0, 0.0, 0.0, 0.0]","[0.0, 0.0, 0.0, 0.0, 0.0]"
../../tutorials/data/ising_zne_hardware/100q_brisbane/step_07_J14.pk::#0,"[0.0, 0.0, 0.0, 0.0, 0.0]","[0.0, 0.0, 0.0, 0.0, 0.0]"
../../tutorials/data/ising_zne_hardware/100q_brisbane/step_02_J33.pk::#0,"[0.0, 0.0, 0.0, 0.0, 0.0]","[0.0, 0.0, 0.0, 0.0, 0.0]"
../../tutorials/data/ising_zne_hardware/100q_brisbane/step_02_J23.pk::#0,"[0.0, 0.0, 0.0, 0.0, 0.0]","[0.0, 0.0, 0.0, 0.0, 0.0]"
../../tutorials/data/ising_zne_hardware/100q_brisbane/step_09_J47.pk::#0,"[0.0, 0.0, 0.0, 0.0, 0.0]","[0.0, 0.0, 0.0, 0.0, 0.0]"
../../tutorials/data/ising_zne_hardware/100q_brisbane/step_10_J36.pk::#0,"[0.0, 0.0, 0.0, 0.0, 0.0]","[0.0, 0.0, 0.0, 0.0, 0.0]"
../../tutorials/data/ising_zne_hardware/100q_brisbane/step_06_J32.pk::#0,"[0.0, 0.0, 0.0, 0.0, 0.0]","[0.0, 0.0, 0.0, 0.0, 0.0]"
../../tutorials/data/ising_zne_hardware/100q_brisbane/step_10_J35.pk::#0,"[0.0, 0.0, 0.0, 0.0, 0.0]","[0.0, 0.0, 0.0, 0.0, 0.0]"
../../tutorials/data/ising_zne_hardware/100q_brisbane/step_04_J36.pk::#0,"[0.0, 0.0, 0.0, 0.0, 0.0]","[0.0, 0.0, 0.0, 0.0, 0.0]"
../../tutorials/data/ising_zne_hardware/100q_brisbane/step_10_J20.pk::#0,"[0.0, 0.0, 0.0, 0.0, 0.0]","[0.0, 0.0, 0.0, 0.0, 0.0]"
../../tutorials/data/ising_zne_hardware/100q_brisbane/step_02_J21.pk::#0,"[0.0, 0.0, 0.0, 0.0, 0.0]","[0.0, 0.0, 0.0, 0.0, 0.0]"
../../tutorials/data/ising_zne_hardware/100q_brisbane/step_03_J17.pk::#0,"[0.0, 0.0, 0.0, 0.0, 0.0]","[0.0, 0.0, 0.0, 0.0, 0.0]"
../../tutorials/data/ising_zne_hardware/100q_brisbane/step_05_J30.pk::#0,"[0.0, 0.0, 0.0, 0.0, 0.0]","[0.0, 0.0, 0.0, 0.0, 0.0]"
../../tutorials/data/ising_zne_hardware/100q_brisbane/step_04_J42.pk::#0,"[0.0, 0.0, 0.0, 0.0, 0.0]","[0.0, 0.0, 0.0, 0.0, 0.0]"
../../tutorials/data/ising_zne_hardware/100q_brisbane/step_04_J34.pk::#0,"[0.0, 0.0, 0.0, 0.0, 0.0]","[0.0, 0.0, 0.0, 0.0, 0.0]"
../../tutorials/data/ising_zne_hardware/100q_brisbane/step_04_J33.pk::#0,"[0.0, 0.0, 0.0, 0.0, 0.0]","[0.0, 0.0, 0.0, 0.0, 0.0]"
../../tutorials/data/ising_zne_hardware/100q_brisbane/step_07_J19.pk::#0,"[0.0, 0.0, 0.0, 0.0, 0.0]","[0.0, 0.0, 0.0, 0.0, 0.0]"
../../tutorials/data/ising_zne_hardware/100q_brisbane/step_10_J27.pk::#0,"[0.0, 0.0, 0.0, 0.0, 0.0]","[0.0, 0.0, 0.0, 0.0, 0.0]"
../../tutorials/data/ising_zne_hardware/100q_brisbane/step_02_J28.pk::#0,"[0.0, 0.0, 0.0, 0.0, 0.0]","[0.0, 0.0, 0.0, 0.0, 0.0]"
../../tutorials/data/ising_zne_hardware/100q_brisbane/step_02_J16.pk::#0,"[0.0, 0.0, 0.0, 0.0, 0.0]","[0.0, 0.0, 0.0, 0.0, 0.0]"
../../tutorials/data/ising_zne_hardware/100q_brisbane/step_09_J49.pk::#0,"[0.0, 0.0, 0.0, 0.0, 0.0]","[0.0, 0.0, 0.0, 0.0, 0.0]"
../../tutorials/data/ising_zne_hardware/100q_brisbane/step_03_J47.pk::#0,"[0.0, 0.0, 0.0, 0.0, 0.0]","[0.0, 0.0, 0.0, 0.0, 0.0]"
../../tutorials/data/ising_zne_hardware/100q_brisbane/step_01_J33.pk::#0,"[0.0, 0.0, 0.0, 0.0, 0.0]","[0.0, 0.0, 0.0, 0.0, 0.0]"
../../tutorials/data/ising_zne_hardware/100q_brisbane/step_09_J01.pk::#0,"[0.0, 0.0, 0.0, 0.0, 0.0]","[0.0, 0.0, 0.0, 0.0, 0.0]"
../../tutorials/data/ising_zne_hardware/100q_brisbane/step_07_J08.pk::#0,"[0.0, 0.0, 0.0, 0.0, 0.0]","[0.0, 0.0, 0.0, 0.0, 0.0]"
../../tutorials/data/ising_zne_hardware/100q_brisbane/step_10_J08.pk::#0,"[0.0, 0.0, 0.0, 0.0, 0.0]","[0.0, 0.0, 0.0, 0.0, 0.0]"
../../tutorials/data/ising_zne_hardware/100q_brisbane/step_09_J00.pk::#0,"[0.0, 0.0, 0.0, 0.0, 0.0]","[0.0, 0.0, 0.0, 0.0, 0.0]"
../../tutorials/data/ising_zne_hardware/100q_brisbane/step_04_J32.pk::#0,"[0.0, 0.0, 0.0, 0.0, 0.0]","[0.0, 0.0, 0.0, 0.0, 0.0]"
../../tutorials/data/ising_zne_hardware/100q_brisbane/step_03_J14.pk::#0,"[0.0, 0.0, 0.0, 0.0, 0.0]","[0.0, 0.0, 0.0, 0.0, 0.0]"
../../tutorials/data/ising_zne_hardware/100q_brisbane/step_09_J39.pk::#0,"[0.0, 0.0, 0.0, 0.0, 0.0]","[0.0, 0.0, 0.0, 0.0, 0.0]"
../../tutorials/data/ising_zne_hardware/100q_brisbane/step_10_J25.pk::#0,"[0.0, 0.0, 0.0, 0.0, 0.0]","[0.0, 0.0, 0.0, 0.0, 0.0]"
../../tutorials/data/ising_zne_hardware/100q_brisbane/step_01_J11.pk::#0,"[0.0, 0.0, 0.0, 0.0, 0.0]","[0.0, 0.0, 0.0, 0.0, 0.0]"
../../tutorials/data/ising_zne_hardware/100q_brisbane/step_04_J48.pk::#0,"[0.0, 0.0, 0.0, 0.0, 0.0]","[0.0, 0.0, 0.0, 0.0, 0.0]"
../../tutorials/data/ising_zne_hardware/100q_brisbane/step_07_J22.pk::#0,"[0.0, 0.0, 0.0, 0.0, 0.0]","[0.0, 0.0, 0.0, 0.0, 0.0]"
../../tutorials/data/ising_zne_hardware/100q_brisbane/step_01_J10.pk::#0,"[0.0, 0.0, 0.0, 0.0, 0.0]","[0.0, 0.0, 0.0, 0.0, 0.0]"
../../tutorials/data/ising_zne_hardware/100q_brisbane/step_07_J32.pk::#0,"[0.0, 0.0, 0.0, 0.0, 0.0]","[0.0, 0.0, 0.0, 0.0, 0.0]"
../../tutorials/data/ising_zne_hardware/100q_brisbane/step_02_J05.pk::#0,"[0.0, 0.0, 0.0, 0.0, 0.0]","[0.0, 0.0, 0.0, 0.0, 0.0]"
../../tutorials/data/ising_zne_hardware/100q_brisbane/step_09_J26.pk::#0,"[0.0, 0.0, 0.0, 0.0, 0.0]","[0.0, 0.0, 0.0, 0.0, 0.0]"
../../tutorials/data/ising_zne_hardware/100q_brisbane/step_07_J10.pk::#0,"[0.0, 0.0, 0.0, 0.0, 0.0]","[0.0, 0.0, 0.0, 0.0, 0.0]"
../../tutorials/data/ising_zne_hardware/100q_brisbane/step_01_J28.pk::#0,"[0.0, 0.0, 0.0, 0.0, 0.0]","[0.0, 0.0, 0.0, 0.0, 0.0]"
../../tutorials/data/ising_zne_hardware/100q_brisbane/step_06_J40.pk::#0,"[0.0, 0.0, 0.0, 0.0, 0.0]","[0.0, 0.0, 0.0, 0.0, 0.0]"
../../tutorials/data/ising_zne_hardware/100q_brisbane/step_06_J06.pk::#0,"[0.0, 0.0, 0.0, 0.0, 0.0]","[0.0, 0.0, 0.0, 0.0, 0.0]"
../../tutorials/data/ising_zne_hardware/100q_brisbane/step_03_J13.pk::#0,"[0.0, 0.0, 0.0, 0.0, 0.0]","[0.0, 0.0, 0.0, 0.0, 0.0]"
../../tutorials/data/ising_zne_hardware/100q_brisbane/step_08_J35.pk::#0,"[0.0, 0.0, 0.0, 0.0, 0.0]","[0.0, 0.0, 0.0, 0.0, 0.0]"
../../tutorials/data/ising_zne_hardware/100q_brisbane/step_07_J44.pk::#0,"[0.0, 0.0, 0.0, 0.0, 0.0]","[0.0, 0.0, 0.0, 0.0, 0.0]"
../../tutorials/data/ising_zne_hardware/100q_brisbane/step_03_J11.pk::#0,"[0.0, 0.0, 0.0, 0.0, 0.0]","[0.0, 0.0, 0.0, 0.0, 0.0]"
../../tutorials/data/ising_zne_hardware/100q_brisbane/step_10_J45.pk::#0,"[0.0, 0.0, 0.0, 0.0, 0.0]","[0.0, 0.0, 0.0, 0.0, 0.0]"
../../tutorials/data/ising_zne_hardware/100q_brisbane/step_07_J40.pk::#0,"[0.0, 0.0, 0.0, 0.0, 0.0]","[0.0, 0.0, 0.0, 0.0, 0.0]"
../../tutorials/data/ising_zne_hardware/100q_brisbane/step_10_J37.pk::#0,"[0.0, 0.0, 0.0, 0.0, 0.0]","[0.0, 0.0, 0.0, 0.0, 0.0]"
../../tutorials/data/ising_zne_hardware/100q_brisbane/step_05_J11.pk::#0,"[0.0, 0.0, 0.0, 0.0, 0.0]","[0.0, 0.0, 0.0, 0.0, 0.0]"
../../tutorials/data/ising_zne_hardware/100q_brisbane/step_02_J24.pk::#0,"[0.0, 0.0, 0.0, 0.0, 0.0]","[0.0, 0.0, 0.0, 0.0, 0.0]"
../../tutorials/data/ising_zne_hardware/100q_brisbane/step_01_J09.pk::#0,"[0.0, 0.0, 0.0, 0.0, 0.0]","[0.0, 0.0, 0.0, 0.0, 0.0]"
../../tutorials/data/ising_zne_hardware/100q_brisbane/step_04_J08.pk::#0,"[0.0, 0.0, 0.0, 0.0, 0.0]","[0.0, 0.0, 0.0, 0.0, 0.0]"
../../tutorials/data/ising_zne_hardware/100q_brisbane/step_06_J19.pk::#0,"[0.0, 0.0, 0.0, 0.0, 0.0]","[0.0, 0.0, 0.0, 0.0, 0.0]"
../../tutorials/data/ising_zne_hardware/100q_brisbane/step_03_J27.pk::#0,"[0.0, 0.0, 0.0, 0.0, 0.0]","[0.0, 0.0, 0.0, 0.0, 0.0]"
../../tutorials/data/ising_zne_hardware/100q_brisbane/step_04_J10.pk::#0,"[0.0, 0.0, 0.0, 0.0, 0.0]","[0.0, 0.0, 0.0, 0.0, 0.0]"
../../tutorials/data/ising_zne_hardware/100q_brisbane/step_09_J44.pk::#0,"[0.0, 0.0, 0.0, 0.0, 0.0]","[0.0, 0.0, 0.0, 0.0, 0.0]"
../../tutorials/data/ising_zne_hardware/100q_brisbane/step_04_J28.pk::#0,"[0.0, 0.0, 0.0, 0.0, 0.0]","[0.0, 0.0, 0.0, 0.0, 0.0]"
../../tutorials/data/ising_zne_hardware/100q_brisbane/step_03_J07.pk::#0,"[0.0, 0.0, 0.0, 0.0, 0.0]","[0.0, 0.0, 0.0, 0.0, 0.0]"
../../tutorials/data/ising_zne_hardware/100q_brisbane/step_07_J23.pk::#0,"[0.0, 0.0, 0.0, 0.0, 0.0]","[0.0, 0.0, 0.0, 0.0, 0.0]"
../../tutorials/data/ising_zne_hardware/100q_brisbane/step_03_J15.pk::#0,"[0.0, 0.0, 0.0, 0.0, 0.0]","[0.0, 0.0, 0.0, 0.0, 0.0]"
../../tutorials/data/ising_zne_hardware/100q_brisbane/step_03_J44.pk::#0,"[0.0, 0.0, 0.0, 0.0, 0.0]","[0.0, 0.0, 0.0, 0.0, 0.0]"
../../tutorials/data/ising_zne_hardware/100q_brisbane/step_01_J30.pk::#0,"[0.0, 0.0, 0.0, 0.0, 0.0]","[0.0, 0.0, 0.0, 0.0, 0.0]"
../../tutorials/data/ising_zne_hardware/100q_brisbane/step_09_J08.pk::#0,"[0.0, 0.0, 0.0, 0.0, 0.0]","[0.0, 0.0, 0.0, 0.0, 0.0]"
../../tutorials/data/ising_zne_hardware/100q_brisbane/step_05_J21.pk::#0,"[0.0, 0.0, 0.0, 0.0, 0.0]","[0.0, 0.0, 0.0, 0.0, 0.0]"
../../tutorials/data/ising_zne_hardware/100q_brisbane/step_09_J28.pk::#0,"[0.0, 0.0, 0.0, 0.0, 0.0]","[0.0, 0.0, 0.0, 0.0, 0.0]"
../../tutorials/data/ising_zne_hardware/100q_brisbane/step_03_J41.pk::#0,"[0.0, 0.0, 0.0, 0.0, 0.0]","[0.0, 0.0, 0.0, 0.0, 0.0]"
../../tutorials/data/ising_zne_hardware/100q_brisbane/step_08_J19.pk::#0,"[0.0, 0.0, 0.0, 0.0, 0.0]","[0.0, 0.0, 0.0, 0.0, 0.0]"
../../tutorials/data/ising_zne_hardware/100q_brisbane/step_04_J11.pk::#0,"[0.0, 0.0, 0.0, 0.0, 0.0]","[0.0, 0.0, 0.0, 0.0, 0.0]"
../../tutorials/data/ising_zne_hardware/100q_brisbane/step_10_J32.pk::#0,"[0.0, 0.0, 0.0, 0.0, 0.0]","[0.0, 0.0, 0.0, 0.0, 0.0]"
../../tutorials/data/ising_zne_hardware/100q_brisbane/step_09_J05.pk::#0,"[0.0, 0.0, 0.0, 0.0, 0.0]","[0.0, 0.0, 0.0, 0.0, 0.0]"
../../tutorials/data/ising_zne_hardware/100q_brisbane/step_09_J20.pk::#0,"[0.0, 0.0, 0.0, 0.0, 0.0]","[0.0, 0.0, 0.0, 0.0, 0.0]"
../../tutorials/data/ising_zne_hardware/100q_brisbane/step_07_J21.pk::#0,"[0.0, 0.0, 0.0, 0.0, 0.0]","[0.0, 0.0, 0.0, 0.0, 0.0]"
../../tutorials/data/ising_zne_hardware/100q_brisbane/step_06_J36.pk::#0,"[0.0, 0.0, 0.0, 0.0, 0.0]","[0.0, 0.0, 0.0, 0.0, 0.0]"
../../tutorials/data/ising_zne_hardware/100q_brisbane/step_05_J43.pk::#0,"[0.0, 0.0, 0.0, 0.0, 0.0]","[0.0, 0.0, 0.0, 0.0, 0.0]"
../../tutorials/data/ising_zne_hardware/100q_brisbane/step_09_J11.pk::#0,"[0.0, 0.0, 0.0, 0.0, 0.0]","[0.0, 0.0, 0.0, 0.0, 0.0]"
../../tutorials/data/ising_zne_hardware/100q_brisbane/step_04_J18.pk::#0,"[0.0, 0.0, 0.0, 0.0, 0.0]","[0.0, 0.0, 0.0, 0.0, 0.0]"
../../tutorials/data/ising_zne_hardware/100q_brisbane/step_10_J28.pk::#0,"[0.0, 0.0, 0.0, 0.0, 0.0]","[0.0, 0.0, 0.0, 0.0, 0.0]"
../../tutorials/data/ising_zne_hardware/100q_brisbane/step_10_J47.pk::#0,"[0.0, 0.0, 0.0, 0.0, 0.0]","[0.0, 0.0, 0.0, 0.0, 0.0]"
../../tutorials/data/ising_zne_hardware/100q_brisbane/step_03_J39.pk::#0,"[0.0, 0.0, 0.0, 0.0, 0.0]","[0.0, 0.0, 0.0, 0.0, 0.0]"
../../tutorials/data/ising_zne_hardware/100q_brisbane/step_05_J06.pk::#0,"[0.0, 0.0, 0.0, 0.0, 0.0]","[0.0, 0.0, 0.0, 0.0, 0.0]"
../../tutorials/data/ising_zne_hardware/100q_brisbane/step_05_J29.pk::#0,"[0.0, 0.0, 0.0, 0.0, 0.0]","[0.0, 0.0, 0.0, 0.0, 0.0]"
../../tutorials/data/ising_zne_hardware/100q_brisbane/step_06_J17.pk::#0,"[0.0, 0.0, 0.0, 0.0, 0.0]","[0.0, 0.0, 0.0, 0.0, 0.0]"
../../tutorials/data/ising_zne_hardware/100q_brisbane/step_08_J11.pk::#0,"[0.0, 0.0, 0.0, 0.0, 0.0]","[0.0, 0.0, 0.0, 0.0, 0.0]"
../../tutorials/data/ising_zne_hardware/100q_brisbane/step_08_J48.pk::#0,"[0.0, 0.0, 0.0, 0.0, 0.0]","[0.0, 0.0, 0.0, 0.0, 0.0]"
../../tutorials/data/ising_zne_hardware/100q_brisbane/step_10_J38.pk::#0,"[0.0, 0.0, 0.0, 0.0, 0.0]","[0.0, 0.0, 0.0, 0.0, 0.0]"
../../tutorials/data/ising_zne_hardware/100q_brisbane/step_06_J05.pk::#0,"[0.0, 0.0, 0.0, 0.0, 0.0]","[0.0, 0.0, 0.0, 0.0, 0.0]"
../../tutorials/data/ising_zne_hardware/100q_brisbane/step_06_J34.pk::#0,"[0.0, 0.0, 0.0, 0.0, 0.0]","[0.0, 0.0, 0.0, 0.0, 0.0]"
../../tutorials/data/ising_zne_hardware/100q_brisbane/step_10_J04.pk::#0,"[0.0, 0.0, 0.0, 0.0, 0.0]","[0.0, 0.0, 0.0, 0.0, 0.0]"
../../tutorials/data/ising_zne_hardware/100q_brisbane/step_07_J13.pk::#0,"[0.0, 0.0, 0.0, 0.0, 0.0]","[0.0, 0.0, 0.0, 0.0, 0.0]"
../../tutorials/data/ising_zne_hardware/100q_brisbane/step_10_J13.pk::#0,"[0.0, 0.0, 0.0, 0.0, 0.0]","[0.0, 0.0, 0.0, 0.0, 0.0]"
../../tutorials/data/ising_zne_hardware/100q_brisbane/step_05_J18.pk::#0,"[0.0, 0.0, 0.0, 0.0, 0.0]","[0.0, 0.0, 0.0, 0.0, 0.0]"
../../tutorials/data/ising_zne_hardware/100q_brisbane/step_03_J26.pk::#0,"[0.0, 0.0, 0.0, 0.0, 0.0]","[0.0, 0.0, 0.0, 0.0, 0.0]"
../../tutorials/data/ising_zne_hardware/100q_brisbane/step_04_J40.pk::#0,"[0.0, 0.0, 0.0, 0.0, 0.0]","[0.0, 0.0, 0.0, 0.0, 0.0]"
../../tutorials/data/ising_zne_hardware/100q_brisbane/step_08_J31.pk::#0,"[0.0, 0.0, 0.0, 0.0, 0.0]","[0.0, 0.0, 0.0, 0.0, 0.0]"
../../tutorials/data/ising_zne_hardware/100q_brisbane/step_03_J43.pk::#0,"[0.0, 0.0, 0.0, 0.0, 0.0]","[0.0, 0.0, 0.0, 0.0, 0.0]"
../../tutorials/data/ising_zne_hardware/100q_brisbane/step_10_J19.pk::#0,"[0.0, 0.0, 0.0, 0.0, 0.0]","[0.0, 0.0, 0.0, 0.0, 0.0]"
../../tutorials/data/ising_zne_hardware/100q_brisbane/step_10_J46.pk::#0,"[0.0, 0.0, 0.0, 0.0, 0.0]","[0.0, 0.0, 0.0, 0.0, 0.0]"
../../tutorials/data/ising_zne_hardware/100q_brisbane/step_01_J04.pk::#0,"[0.0, 0.0, 0.0, 0.0, 0.0]","[0.0, 0.0, 0.0, 0.0, 0.0]"
../../tutorials/data/ising_zne_hardware/100q_brisbane/step_10_J48.pk::#0,"[0.0, 0.0, 0.0, 0.0, 0.0]","[0.0, 0.0, 0.0, 0.0, 0.0]"
../../tutorials/data/ising_zne_hardware/100q_brisbane/step_04_J46.pk::#0,"[0.0, 0.0, 0.0, 0.0, 0.0]","[0.0, 0.0, 0.0, 0.0, 0.0]"
../../tutorials/data/ising_zne_hardware/100q_brisbane/step_09_J19.pk::#0,"[0.0, 0.0, 0.0, 0.0, 0.0]","[0.0, 0.0, 0.0, 0.0, 0.0]"
../../tutorials/data/ising_zne_hardware/100q_brisbane/step_09_J14.pk::#0,"[0.0, 0.0, 0.0, 0.0, 0.0]","[0.0, 0.0, 0.0, 0.0, 0.0]"
../../tutorials/data/ising_zne_hardware/100q_brisbane/step_07_J49.pk::#0,"[0.0, 0.0, 0.0, 0.0, 0.0]","[0.0, 0.0, 0.0, 0.0, 0.0]"
../../tutorials/data/ising_zne_hardware/100q_brisbane/step_06_J48.pk::#0,"[0.0, 0.0, 0.0, 0.0, 0.0]","[0.0, 0.0, 0.0, 0.0, 0.0]"
../../tutorials/data/ising_zne_hardware/100q_brisbane/step_10_J33.pk::#0,"[0.0, 0.0, 0.0, 0.0, 0.0]","[0.0, 0.0, 0.0, 0.0, 0.0]"
../../tutorials/data/ising_zne_hardware/100q_brisbane/step_02_J34.pk::#0,"[0.0, 0.0, 0.0, 0.0, 0.0]","[0.0, 0.0, 0.0, 0.0, 0.0]"
../../tutorials/data/ising_zne_hardware/100q_brisbane/step_05_J35.pk::#0,"[0.0, 0.0, 0.0, 0.0, 0.0]","[0.0, 0.0, 0.0, 0.0, 0.0]"
../../tutorials/data/ising_zne_hardware/100q_brisbane/step_02_J30.pk::#0,"[0.0, 0.0, 0.0, 0.0, 0.0]","[0.0, 0.0, 0.0, 0.0, 0.0]"
../../tutorials/data/ising_zne_hardware/100q_brisbane/step_09_J22.pk::#0,"[0.0, 0.0, 0.0, 0.0, 0.0]","[0.0, 0.0, 0.0, 0.0, 0.0]"
../../tutorials/data/ising_zne_hardware/100q_brisbane/step_05_J31.pk::#0,"[0.0, 0.0, 0.0, 0.0, 0.0]","[0.0, 0.0, 0.0, 0.0, 0.0]"
../../tutorials/data/ising_zne_hardware/100q_brisbane/step_04_J47.pk::#0,"[0.0, 0.0, 0.0, 0.0, 0.0]","[0.0, 0.0, 0.0, 0.0, 0.0]"
../../tutorials/data/ising_zne_hardware/100q_brisbane/step_01_J47.pk::#0,"[0.0, 0.0, 0.0, 0.0, 0.0]","[0.0, 0.0, 0.0, 0.0, 0.0]"
../../tutorials/data/ising_zne_hardware/100q_brisbane/step_03_J40.pk::#0,"[0.0, 0.0, 0.0, 0.0, 0.0]","[0.0, 0.0, 0.0, 0.0, 0.0]"
../../tutorials/data/ising_zne_hardware/100q_brisbane/step_08_J36.pk::#0,"[0.0, 0.0, 0.0, 0.0, 0.0]","[0.0, 0.0, 0.0, 0.0, 0.0]"
../../tutorials/data/ising_zne_hardware/100q_brisbane/step_04_J39.pk::#0,"[0.0, 0.0, 0.0, 0.0, 0.0]","[0.0, 0.0, 0.0, 0.0, 0.0]"
../../tutorials/data/ising_zne_hardware/100q_brisbane/step_07_J15.pk::#0,"[0.0, 0.0, 0.0, 0.0, 0.0]","[0.0, 0.0, 0.0, 0.0, 0.0]"
../../tutorials/data/ising_zne_hardware/100q_brisbane/step_01_J38.pk::#0,"[0.0, 0.0, 0.0, 0.0, 0.0]","[0.0, 0.0, 0.0, 0.0, 0.0]"
../../tutorials/data/ising_zne_hardware/100q_brisbane/step_01_J42.pk::#0,"[0.0, 0.0, 0.0, 0.0, 0.0]","[0.0, 0.0, 0.0, 0.0, 0.0]"
../../tutorials/data/ising_zne_hardware/100q_brisbane/step_09_J34.pk::#0,"[0.0, 0.0, 0.0, 0.0, 0.0]","[0.0, 0.0, 0.0, 0.0, 0.0]"
../../tutorials/data/ising_zne_hardware/100q_brisbane/step_03_J49.pk::#0,"[0.0, 0.0, 0.0, 0.0, 0.0]","[0.0, 0.0, 0.0, 0.0, 0.0]"
../../tutorials/data/ising_zne_hardware/100q_brisbane/step_06_J13.pk::#0,"[0.0, 0.0, 0.0, 0.0, 0.0]","[0.0, 0.0, 0.0, 0.0, 0.0]"
../../tutorials/data/ising_zne_hardware/100q_brisbane/step_05_J19.pk::#0,"[0.0, 0.0, 0.0, 0.0, 0.0]","[0.0, 0.0, 0.0, 0.0, 0.0]"
../../tutorials/data/ising_zne_hardware/100q_brisbane/step_05_J05.pk::#0,"[0.0, 0.0, 0.0, 0.0, 0.0]","[0.0, 0.0, 0.0, 0.0, 0.0]"
../../tutorials/data/ising_zne_hardware/100q_brisbane/step_04_J26.pk::#0,"[0.0, 0.0, 0.0, 0.0, 0.0]","[0.0, 0.0, 0.0, 0.0, 0.0]"
../../tutorials/data/ising_zne_hardware/100q_brisbane/step_08_J34.pk::#0,"[0.0, 0.0, 0.0, 0.0, 0.0]","[0.0, 0.0, 0.0, 0.0, 0.0]"
../../tutorials/data/ising_zne_hardware/100q_brisbane/step_04_J20.pk::#0,"[0.0, 0.0, 0.0, 0.0, 0.0]","[0.0, 0.0, 0.0, 0.0, 0.0]"
../../tutorials/data/ising_zne_hardware/100q_brisbane/step_02_J08.pk::#0,"[0.0, 0.0, 0.0, 0.0, 0.0]","[0.0, 0.0, 0.0, 0.0, 0.0]"
../../tutorials/data/ising_zne_hardware/100q_brisbane/step_01_J31.pk::#0,"[0.0, 0.0, 0.0, 0.0, 0.0]","[0.0, 0.0, 0.0, 0.0, 0.0]"
../../tutorials/data/ising_zne_hardware/100q_brisbane/step_06_J31.pk::#0,"[0.0, 0.0, 0.0, 0.0, 0.0]","[0.0, 0.0, 0.0, 0.0, 0.0]"
../../tutorials/data/ising_zne_hardware/100q_brisbane/step_07_J26.pk::#0,"[0.0, 0.0, 0.0, 0.0, 0.0]","[0.0, 0.0, 0.0, 0.0, 0.0]"
../../tutorials/data/ising_zne_hardware/100q_brisbane/step_03_J25.pk::#0,"[0.0, 0.0, 0.0, 0.0, 0.0]","[0.0, 0.0, 0.0, 0.0, 0.0]"
../../tutorials/data/ising_zne_hardware/100q_brisbane/step_01_J22.pk::#0,"[0.0, 0.0, 0.0, 0.0, 0.0]","[0.0, 0.0, 0.0, 0.0, 0.0]"
../../tutorials/data/ising_zne_hardware/100q_brisbane/step_04_J37.pk::#0,"[0.0, 0.0, 0.0, 0.0, 0.0]","[0.0, 0.0, 0.0, 0.0, 0.0]"
../../tutorials/data/ising_zne_hardware/100q_brisbane/step_05_J34.pk::#0,"[0.0, 0.0, 0.0, 0.0, 0.0]","[0.0, 0.0, 0.0, 0.0, 0.0]"
../../tutorials/data/ising_zne_hardware/100q_brisbane/step_01_J21.pk::#0,"[0.0, 0.0, 0.0, 0.0, 0.0]","[0.0, 0.0, 0.0, 0.0, 0.0]"
../../tutorials/data/ising_zne_hardware/100q_brisbane/step_07_J20.pk::#0,"[0.0, 0.0, 0.0, 0.0, 0.0]","[0.0, 0.0, 0.0, 0.0, 0.0]"
../../tutorials/data/ising_zne_hardware/100q_brisbane/step_08_J37.pk::#0,"[0.0, 0.0, 0.0, 0.0, 0.0]","[0.0, 0.0, 0.0, 0.0, 0.0]"
../../tutorials/data/ising_zne_hardware/100q_brisbane/step_07_J33.pk::#0,"[0.0, 0.0, 0.0, 0.0, 0.0]","[0.0, 0.0, 0.0, 0.0, 0.0]"
../../tutorials/data/ising_zne_hardware/100q_brisbane/step_06_J21.pk::#0,"[0.0, 0.0, 0.0, 0.0, 0.0]","[0.0, 0.0, 0.0, 0.0, 0.0]"
../../tutorials/data/ising_zne_hardware/100q_brisbane/step_06_J22.pk::#0,"[0.0, 0.0, 0.0, 0.0, 0.0]","[0.0, 0.0, 0.0, 0.0, 0.0]"
../../tutorials/data/ising_zne_hardware/100q_brisbane/step_07_J30.pk::#0,"[0.0, 0.0, 0.0, 0.0, 0.0]","[0.0, 0.0, 0.0, 0.0, 0.0]"
../../tutorials/data/ising_zne_hardware/100q_brisbane/step_01_J44.pk::#0,"[0.0, 0.0, 0.0, 0.0, 0.0]","[0.0, 0.0, 0.0, 0.0, 0.0]"
../../tutorials/data/ising_zne_hardware/100q_brisbane/step_06_J47.pk::#0,"[0.0, 0.0, 0.0, 0.0, 0.0]","[0.0, 0.0, 0.0, 0.0, 0.0]"
../../tutorials/data/ising_zne_hardware/100q_brisbane/step_09_J13.pk::#0,"[0.0, 0.0, 0.0, 0.0, 0.0]","[0.0, 0.0, 0.0, 0.0, 0.0]"
../../tutorials/data/ising_zne_hardware/100q_brisbane/step_06_J30.pk::#0,"[0.0, 0.0, 0.0, 0.0, 0.0]","[0.0, 0.0, 0.0, 0.0, 0.0]"
../../tutorials/data/ising_zne_hardware/100q_brisbane/step_02_J44.pk::#0,"[0.0, 0.0, 0.0, 0.0, 0.0]","[0.0, 0.0, 0.0, 0.0, 0.0]"
../../tutorials/data/ising_zne_hardware/100q_brisbane/step_03_J03.pk::#0,"[0.0, 0.0, 0.0, 0.0, 0.0]","[0.0, 0.0, 0.0, 0.0, 0.0]"
../../tutorials/data/ising_zne_hardware/100q_brisbane/step_05_J49.pk::#0,"[0.0, 0.0, 0.0, 0.0, 0.0]","[0.0, 0.0, 0.0, 0.0, 0.0]"
../../tutorials/data/ising_zne_hardware/100q_brisbane/step_05_J23.pk::#0,"[0.0, 0.0, 0.0, 0.0, 0.0]","[0.0, 0.0, 0.0, 0.0, 0.0]"
../../tutorials/data/ising_zne_hardware/100q_brisbane/step_07_J18.pk::#0,"[0.0, 0.0, 0.0, 0.0, 0.0]","[0.0, 0.0, 0.0, 0.0, 0.0]"
../../tutorials/data/ising_zne_hardware/100q_brisbane/step_07_J24.pk::#0,"[0.0, 0.0, 0.0, 0.0, 0.0]","[0.0, 0.0, 0.0, 0.0, 0.0]"
../../tutorials/data/ising_zne_hardware/100q_brisbane/step_05_J07.pk::#0,"[0.0, 0.0, 0.0, 0.0, 0.0]","[0.0, 0.0, 0.0, 0.0, 0.0]"
../../tutorials/data/ising_zne_hardware/100q_brisbane/step_06_J04.pk::#0,"[0.0, 0.0, 0.0, 0.0, 0.0]","[0.0, 0.0, 0.0, 0.0, 0.0]"
../../tutorials/data/ising_zne_hardware/100q_brisbane/step_02_J13.pk::#0,"[0.0, 0.0, 0.0, 0.0, 0.0]","[0.0, 0.0, 0.0, 0.0, 0.0]"
../../tutorials/data/ising_zne_hardware/100q_brisbane/step_02_J31.pk::#0,"[0.0, 0.0, 0.0, 0.0, 0.0]","[0.0, 0.0, 0.0, 0.0, 0.0]"
../../tutorials/data/ising_zne_hardware/100q_brisbane/step_08_J33.pk::#0,"[0.0, 0.0, 0.0, 0.0, 0.0]","[0.0, 0.0, 0.0, 0.0, 0.0]"
../../tutorials/data/ising_zne_hardware/100q_brisbane/step_06_J14.pk::#0,"[0.0, 0.0, 0.0, 0.0, 0.0]","[0.0, 0.0, 0.0, 0.0, 0.0]"
../../tutorials/data/ising_zne_hardware/100q_brisbane/step_06_J33.pk::#0,"[0.0, 0.0, 0.0, 0.0, 0.0]","[0.0, 0.0, 0.0, 0.0, 0.0]"
../../tutorials/data/ising_zne_hardware/100q_brisbane/step_03_J38.pk::#0,"[0.0, 0.0, 0.0, 0.0, 0.0]","[0.0, 0.0, 0.0, 0.0, 0.0]"
../../tutorials/data/ising_zne_hardware/100q_brisbane/step_02_J41.pk::#0,"[0.0, 0.0, 0.0, 0.0, 0.0]","[0.0, 0.0, 0.0, 0.0, 0.0]"
../../tutorials/data/ising_zne_hardware/100q_brisbane/step_03_J48.pk::#0,"[0.0, 0.0, 0.0, 0.0, 0.0]","[0.0, 0.0, 0.0, 0.0, 0.0]"
../../tutorials/data/ising_zne_hardware/100q_brisbane/step_01_J12.pk::#0,"[0.0, 0.0, 0.0, 0.0, 0.0]","[0.0, 0.0, 0.0, 0.0, 0.0]"
../../tutorials/data/ising_zne_hardware/100q_brisbane/step_04_J23.pk::#0,"[0.0, 0.0, 0.0, 0.0, 0.0]","[0.0, 0.0, 0.0, 0.0, 0.0]"
../../tutorials/data/ising_zne_hardware/100q_brisbane/step_04_J19.pk::#0,"[0.0, 0.0, 0.0, 0.0, 0.0]","[0.0, 0.0, 0.0, 0.0, 0.0]"
../../tutorials/data/ising_zne_hardware/100q_brisbane/step_03_J09.pk::#0,"[0.0, 0.0, 0.0, 0.0, 0.0]","[0.0, 0.0, 0.0, 0.0, 0.0]"
../../tutorials/data/ising_zne_hardware/100q_brisbane/step_02_J49.pk::#0,"[0.0, 0.0, 0.0, 0.0, 0.0]","[0.0, 0.0, 0.0, 0.0, 0.0]"
../../tutorials/data/ising_zne_hardware/100q_brisbane/step_02_J48.pk::#0,"[0.0, 0.0, 0.0, 0.0, 0.0]","[0.0, 0.0, 0.0, 0.0, 0.0]"
../../tutorials/data/ising_zne_hardware/100q_brisbane/step_06_J27.pk::#0,"[0.0, 0.0, 0.0, 0.0, 0.0]","[0.0, 0.0, 0.0, 0.0, 0.0]"
../../tutorials/data/ising_zne_hardware/100q_brisbane/step_06_J08.pk::#0,"[0.0, 0.0, 0.0, 0.0, 0.0]","[0.0, 0.0, 0.0, 0.0, 0.0]"
../../tutorials/data/ising_zne_hardware/100q_brisbane/step_03_J18.pk::#0,"[0.0, 0.0, 0.0, 0.0, 0.0]","[0.0, 0.0, 0.0, 0.0, 0.0]"
../../tutorials/data/ising_zne_hardware/100q_brisbane/step_08_J10.pk::#0,"[0.0, 0.0, 0.0, 0.0, 0.0]","[0.0, 0.0, 0.0, 0.0, 0.0]"
../../tutorials/data/ising_zne_hardware/100q_brisbane/step_04_J15.pk::#0,"[0.0, 0.0, 0.0, 0.0, 0.0]","[0.0, 0.0, 0.0, 0.0, 0.0]"
../../tutorials/data/ising_zne_hardware/100q_brisbane/step_07_J41.pk::#0,"[0.0, 0.0, 0.0, 0.0, 0.0]","[0.0, 0.0, 0.0, 0.0, 0.0]"
../../tutorials/data/ising_zne_hardware/100q_brisbane/step_10_J03.pk::#0,"[0.0, 0.0, 0.0, 0.0, 0.0]","[0.0, 0.0, 0.0, 0.0, 0.0]"
../../tutorials/data/ising_zne_hardware/100q_brisbane/step_02_J15.pk::#0,"[0.0, 0.0, 0.0, 0.0, 0.0]","[0.0, 0.0, 0.0, 0.0, 0.0]"
../../tutorials/data/ising_zne_hardware/100q_brisbane/step_05_J22.pk::#0,"[0.0, 0.0, 0.0, 0.0, 0.0]","[0.0, 0.0, 0.0, 0.0, 0.0]"
../../tutorials/data/ising_zne_hardware/100q_brisbane/step_02_J17.pk::#0,"[0.0, 0.0, 0.0, 0.0, 0.0]","[0.0, 0.0, 0.0, 0.0, 0.0]"
../../tutorials/data/ising_zne_hardware/100q_brisbane/step_02_J26.pk::#0,"[0.0, 0.0, 0.0, 0.0, 0.0]","[0.0, 0.0, 0.0, 0.0, 0.0]"
../../tutorials/data/ising_zne_hardware/100q_brisbane/step_07_J36.pk::#0,"[0.0, 0.0, 0.0, 0.0, 0.0]","[0.0, 0.0, 0.0, 0.0, 0.0]"
../../tutorials/data/ising_zne_hardware/100q_brisbane/step_03_J02.pk::#0,"[0.0, 0.0, 0.0, 0.0, 0.0]","[0.0, 0.0, 0.0, 0.0, 0.0]"
../../tutorials/data/ising_zne_hardware/100q_brisbane/step_08_J40.pk::#0,"[0.0, 0.0, 0.0, 0.0, 0.0]","[0.0, 0.0, 0.0, 0.0, 0.0]"
../../tutorials/data/ising_zne_hardware/100q_brisbane/step_08_J16.pk::#0,"[0.0, 0.0, 0.0, 0.0, 0.0]","[0.0, 0.0, 0.0, 0.0, 0.0]"
../../tutorials/data/ising_zne_hardware/100q_brisbane/step_07_J48.pk::#0,"[0.0, 0.0, 0.0, 0.0, 0.0]","[0.0, 0.0, 0.0, 0.0, 0.0]"
../../tutorials/data/ising_zne_hardware/100q_brisbane/step_04_J17.pk::#0,"[0.0, 0.0, 0.0, 0.0, 0.0]","[0.0, 0.0, 0.0, 0.0, 0.0]"
../../tutorials/data/ising_zne_hardware/100q_brisbane/step_04_J05.pk::#0,"[0.0, 0.0, 0.0, 0.0, 0.0]","[0.0, 0.0, 0.0, 0.0, 0.0]"
../../tutorials/data/ising_zne_hardware/100q_brisbane/step_01_J08.pk::#0,"[0.0, 0.0, 0.0, 0.0, 0.0]","[0.0, 0.0, 0.0, 0.0, 0.0]"
../../tutorials/data/ising_zne_hardware/100q_brisbane/step_10_J06.pk::#0,"[0.0, 0.0, 0.0, 0.0, 0.0]","[0.0, 0.0, 0.0, 0.0, 0.0]"
../../tutorials/data/ising_zne_hardware/100q_brisbane/step_02_J06.pk::#0,"[0.0, 0.0, 0.0, 0.0, 0.0]","[0.0, 0.0, 0.0, 0.0, 0.0]"
../../tutorials/data/ising_zne_hardware/100q_brisbane/step_06_J39.pk::#0,"[0.0, 0.0, 0.0, 0.0, 0.0]","[0.0, 0.0, 0.0, 0.0, 0.0]"
../../tutorials/data/ising_zne_hardware/100q_brisbane/step_09_J07.pk::#0,"[0.0, 0.0, 0.0, 0.0, 0.0]","[0.0, 0.0, 0.0, 0.0, 0.0]"
../../tutorials/data/ising_zne_hardware/100q_brisbane/step_03_J42.pk::#0,"[0.0, 0.0, 0.0, 0.0, 0.0]","[0.0, 0.0, 0.0, 0.0, 0.0]"
../../tutorials/data/ising_zne_hardware/100q_brisbane/step_07_J05.pk::#0,"[0.0, 0.0, 0.0, 0.0, 0.0]","[0.0, 0.0, 0.0, 0.0, 0.0]"
../../tutorials/data/ising_zne_hardware/100q_brisbane/step_07_J28.pk::#0,"[0.0, 0.0, 0.0, 0.0, 0.0]","[0.0, 0.0, 0.0, 0.0, 0.0]"
../../tutorials/data/ising_zne_hardware/100q_brisbane/step_01_J17.pk::#0,"[0.0, 0.0, 0.0, 0.0, 0.0]","[0.0, 0.0, 0.0, 0.0, 0.0]"
../../tutorials/data/ising_zne_hardware/100q_brisbane/step_08_J39.pk::#0,"[0.0, 0.0, 0.0, 0.0, 0.0]","[0.0, 0.0, 0.0, 0.0, 0.0]"
../../tutorials/data/ising_zne_hardware/100q_brisbane/step_08_J24.pk::#0,"[0.0, 0.0, 0.0, 0.0, 0.0]","[0.0, 0.0, 0.0, 0.0, 0.0]"
../../tutorials/data/ising_zne_hardware/100q_brisbane/step_02_J02.pk::#0,"[0.0, 0.0, 0.0, 0.0, 0.0]","[0.0, 0.0, 0.0, 0.0, 0.0]"
../../tutorials/data/ising_zne_hardware/100q_brisbane/step_06_J29.pk::#0,"[0.0, 0.0, 0.0, 0.0, 0.0]","[0.0, 0.0, 0.0, 0.0, 0.0]"
../../tutorials/data/ising_zne_hardware/100q_brisbane/step_08_J08.pk::#0,"[0.0, 0.0, 0.0, 0.0, 0.0]","[0.0, 0.0, 0.0, 0.0, 0.0]"
../../tutorials/data/ising_zne_hardware/100q_brisbane/step_10_J15.pk::#0,"[0.0, 0.0, 0.0, 0.0, 0.0]","[0.0, 0.0, 0.0, 0.0, 0.0]"
../../tutorials/data/ising_zne_hardware/100q_brisbane/step_03_J37.pk::#0,"[0.0, 0.0, 0.0, 0.0, 0.0]","[0.0, 0.0, 0.0, 0.0, 0.0]"
../../tutorials/data/ising_zne_hardware/100q_brisbane/step_03_J24.pk::#0,"[0.0, 0.0, 0.0, 0.0, 0.0]","[0.0, 0.0, 0.0, 0.0, 0.0]"
../../tutorials/data/ising_zne_hardware/100q_brisbane/step_05_J20.pk::#0,"[0.0, 0.0, 0.0, 0.0, 0.0]","[0.0, 0.0, 0.0, 0.0, 0.0]"
../../tutorials/data/ising_zne_hardware/100q_brisbane/step_05_J45.pk::#0,"[0.0, 0.0, 0.0, 0.0, 0.0]","[0.0, 0.0, 0.0, 0.0, 0.0]"
../../tutorials/data/ising_zne_hardware/100q_brisbane/step_10_J22.pk::#0,"[0.0, 0.0, 0.0, 0.0, 0.0]","[0.0, 0.0, 0.0, 0.0, 0.0]"
../../tutorials/data/ising_zne_hardware/100q_brisbane/step_08_J12.pk::#0,"[0.0, 0.0, 0.0, 0.0, 0.0]","[0.0, 0.0, 0.0, 0.0, 0.0]"
../../tutorials/data/ising_zne_hardware/100q_brisbane/step_03_J30.pk::#0,"[0.0, 0.0, 0.0, 0.0, 0.0]","[0.0, 0.0, 0.0, 0.0, 0.0]"
../../tutorials/data/ising_zne_hardware/100q_brisbane/step_10_J44.pk::#0,"[0.0, 0.0, 0.0, 0.0, 0.0]","[0.0, 0.0, 0.0, 0.0, 0.0]"
../../tutorials/data/ising_zne_hardware/100q_brisbane/step_08_J02.pk::#0,"[0.0, 0.0, 0.0, 0.0, 0.0]","[0.0, 0.0, 0.0, 0.0, 0.0]"
../../tutorials/data/ising_zne_hardware/100q_brisbane/step_07_J25.pk::#0,"[0.0, 0.0, 0.0, 0.0, 0.0]","[0.0, 0.0, 0.0, 0.0, 0.0]"
../../tutorials/data/ising_zne_hardware/100q_brisbane/step_09_J33.pk::#0,"[0.0, 0.0, 0.0, 0.0, 0.0]","[0.0, 0.0, 0.0, 0.0, 0.0]"
../../tutorials/data/ising_zne_hardware/100q_brisbane/step_05_J14.pk::#0,"[0.0, 0.0, 0.0, 0.0, 0.0]","[0.0, 0.0, 0.0, 0.0, 0.0]"
../../tutorials/data/ising_zne_hardware/100q_brisbane/step_01_J43.pk::#0,"[0.0, 0.0, 0.0, 0.0, 0.0]","[0.0, 0.0, 0.0, 0.0, 0.0]"
../../tutorials/data/ising_zne_hardware/100q_brisbane/step_10_J31.pk::#0,"[0.0, 0.0, 0.0, 0.0, 0.0]","[0.0, 0.0, 0.0, 0.0, 0.0]"
../../tutorials/data/ising_zne_hardware/100q_brisbane/step_10_J02.pk::#0,"[0.0, 0.0, 0.0, 0.0, 0.0]","[0.0, 0.0, 0.0, 0.0, 0.0]"
../../tutorials/data/ising_zne_hardware/100q_brisbane/step_01_J36.pk::#0,"[0.0, 0.0, 0.0, 0.0, 0.0]","[0.0, 0.0, 0.0, 0.0, 0.0]"
../../tutorials/data/ising_zne_hardware/100q_brisbane/step_09_J40.pk::#0,"[0.0, 0.0, 0.0, 0.0, 0.0]","[0.0, 0.0, 0.0, 0.0, 0.0]"
../../tutorials/data/ising_zne_hardware/100q_brisbane/step_01_J27.pk::#0,"[0.0, 0.0, 0.0, 0.0, 0.0]","[0.0, 0.0, 0.0, 0.0, 0.0]"
../../tutorials/data/ising_zne_hardware/100q_brisbane/step_06_J00.pk::#0,"[0.0, 0.0, 0.0, 0.0, 0.0]","[0.0, 0.0, 0.0, 0.0, 0.0]"
../../tutorials/data/ising_zne_hardware/100q_brisbane/step_02_J19.pk::#0,"[0.0, 0.0, 0.0, 0.0, 0.0]","[0.0, 0.0, 0.0, 0.0, 0.0]"
../../tutorials/data/ising_zne_hardware/100q_brisbane/step_03_J10.pk::#0,"[0.0, 0.0, 0.0, 0.0, 0.0]","[0.0, 0.0, 0.0, 0.0, 0.0]"
../../tutorials/data/ising_zne_hardware/100q_brisbane/step_07_J11.pk::#0,"[0.0, 0.0, 0.0, 0.0, 0.0]","[0.0, 0.0, 0.0, 0.0, 0.0]"
../../tutorials/data/ising_zne_hardware/100q_brisbane/step_05_J36.pk::#0,"[0.0, 0.0, 0.0, 0.0, 0.0]","[0.0, 0.0, 0.0, 0.0, 0.0]"
../../tutorials/data/ising_zne_hardware/100q_brisbane/step_04_J13.pk::#0,"[0.0, 0.0, 0.0, 0.0, 0.0]","[0.0, 0.0, 0.0, 0.0, 0.0]"
../../tutorials/data/ising_zne_hardware/100q_brisbane/step_06_J25.pk::#0,"[0.0, 0.0, 0.0, 0.0, 0.0]","[0.0, 0.0, 0.0, 0.0, 0.0]"
../../tutorials/data/ising_zne_hardware/100q_brisbane/step_05_J26.pk::#0,"[0.0, 0.0, 0.0, 0.0, 0.0]","[0.0, 0.0, 0.0, 0.0, 0.0]"
../../tutorials/data/ising_zne_hardware/100q_brisbane/step_06_J42.pk::#0,"[0.0, 0.0, 0.0, 0.0, 0.0]","[0.0, 0.0, 0.0, 0.0, 0.0]"
../../tutorials/data/ising_zne_hardware/100q_brisbane/step_08_J01.pk::#0,"[0.0, 0.0, 0.0, 0.0, 0.0]","[0.0, 0.0, 0.0, 0.0, 0.0]"
../../tutorials/data/ising_zne_hardware/100q_brisbane/step_09_J36.pk::#0,"[0.0, 0.0, 0.0, 0.0, 0.0]","[0.0, 0.0, 0.0, 0.0, 0.0]"
../../tutorials/data/ising_zne_hardware/100q_brisbane/step_04_J31.pk::#0,"[0.0, 0.0, 0.0, 0.0, 0.0]","[0.0, 0.0, 0.0, 0.0, 0.0]"
../../tutorials/data/ising_zne_hardware/100q_brisbane/step_07_J00.pk::#0,"[0.0, 0.0, 0.0, 0.0, 0.0]","[0.0, 0.0, 0.0, 0.0, 0.0]"
../../tutorials/data/ising_zne_hardware/100q_brisbane/step_05_J37.pk::#0,"[0.0, 0.0, 0.0, 0.0, 0.0]","[0.0, 0.0, 0.0, 0.0, 0.0]"
../../tutorials/data/ising_zne_hardware/100q_brisbane/step_06_J20.pk::#0,"[0.0, 0.0, 0.0, 0.0, 0.0]","[0.0, 0.0, 0.0, 0.0, 0.0]"
../../tutorials/data/ising_zne_hardware/100q_brisbane/step_05_J01.pk::#0,"[0.0, 0.0, 0.0, 0.0, 0.0]","[0.0, 0.0, 0.0, 0.0, 0.0]"
../../tutorials/data/ising_zne_hardware/100q_brisbane/step_09_J42.pk::#0,"[0.0, 0.0, 0.0, 0.0, 0.0]","[0.0, 0.0, 0.0, 0.0, 0.0]"
../../tutorials/data/ising_zne_hardware/100q_brisbane/step_07_J06.pk::#0,"[0.0, 0.0, 0.0, 0.0, 0.0]","[0.0, 0.0, 0.0, 0.0, 0.0]"
../../tutorials/data/ising_zne_hardware/100q_brisbane/step_09_J35.pk::#0,"[0.0, 0.0, 0.0, 0.0, 0.0]","[0.0, 0.0, 0.0, 0.0, 0.0]"
../../tutorials/data/ising_zne_hardware/100q_brisbane/step_09_J43.pk::#0,"[0.0, 0.0, 0.0, 0.0, 0.0]","[0.0, 0.0, 0.0, 0.0, 0.0]"
../../tutorials/data/ising_zne_hardware/100q_brisbane/step_02_J36.pk::#0,"[0.0, 0.0, 0.0, 0.0, 0.0]","[0.0, 0.0, 0.0, 0.0, 0.0]"
../../tutorials/data/ising_zne_hardware/100q_brisbane/step_10_J41.pk::#0,"[0.0, 0.0, 0.0, 0.0, 0.0]","[0.0, 0.0, 0.0, 0.0, 0.0]"
../../tutorials/data/ising_zne_hardware/100q_brisbane/step_03_J12.pk::#0,"[0.0, 0.0, 0.0, 0.0, 0.0]","[0.0, 0.0, 0.0, 0.0, 0.0]"
../../tutorials/data/ising_zne_hardware/100q_brisbane/step_08_J18.pk::#0,"[0.0, 0.0, 0.0, 0.0, 0.0]","[0.0, 0.0, 0.0, 0.0, 0.0]"
../../tutorials/data/ising_zne_hardware/100q_brisbane/step_05_J47.pk::#0,"[0.0, 0.0, 0.0, 0.0, 0.0]","[0.0, 0.0, 0.0, 0.0, 0.0]"
../../tutorials/data/ising_zne_hardware/100q_brisbane/step_05_J38.pk::#0,"[0.0, 0.0, 0.0, 0.0, 0.0]","[0.0, 0.0, 0.0, 0.0, 0.0]"
../../tutorials/data/ising_zne_hardware/100q_brisbane/step_09_J37.pk::#0,"[0.0, 0.0, 0.0, 0.0, 0.0]","[0.0, 0.0, 0.0, 0.0, 0.0]"
../../tutorials/data/ising_zne_hardware/100q_brisbane/step_01_J15.pk::#0,"[0.0, 0.0, 0.0, 0.0, 0.0]","[0.0, 0.0, 0.0, 0.0, 0.0]"
../../tutorials/data/ising_zne_hardware/100q_brisbane/step_02_J00.pk::#0,"[0.0, 0.0, 0.0, 0.0, 0.0]","[0.0, 0.0, 0.0, 0.0, 0.0]"
../../tutorials/data/ising_zne_hardware/100q_brisbane/step_04_J30.pk::#0,"[0.0, 0.0, 0.0, 0.0, 0.0]","[0.0, 0.0, 0.0, 0.0, 0.0]"
../../tutorials/data/ising_zne_hardware/100q_brisbane/step_05_J48.pk::#0,"[0.0, 0.0, 0.0, 0.0, 0.0]","[0.0, 0.0, 0.0, 0.0, 0.0]"
../../tutorials/data/ising_zne_hardware/100q_brisbane/step_07_J31.pk::#0,"[0.0, 0.0, 0.0, 0.0, 0.0]","[0.0, 0.0, 0.0, 0.0, 0.0]"
../../tutorials/data/ising_zne_hardware/100q_brisbane/step_02_J14.pk::#0,"[0.0, 0.0, 0.0, 0.0, 0.0]","[0.0, 0.0, 0.0, 0.0, 0.0]"
../../tutorials/data/ising_zne_hardware/100q_brisbane/step_05_J24.pk::#0,"[0.0, 0.0, 0.0, 0.0, 0.0]","[0.0, 0.0, 0.0, 0.0, 0.0]"
../../tutorials/data/ising_zne_hardware/100q_brisbane/step_03_J34.pk::#0,"[0.0, 0.0, 0.0, 0.0, 0.0]","[0.0, 0.0, 0.0, 0.0, 0.0]"
../../tutorials/data/ising_zne_hardware/100q_brisbane/step_09_J31.pk::#0,"[0.0, 0.0, 0.0, 0.0, 0.0]","[0.0, 0.0, 0.0, 0.0, 0.0]"
../../tutorials/data/ising_zne_hardware/100q_brisbane/step_05_J04.pk::#0,"[0.0, 0.0, 0.0, 0.0, 0.0]","[0.0, 0.0, 0.0, 0.0, 0.0]"
../../tutorials/data/ising_zne_hardware/100q_brisbane/step_07_J47.pk::#0,"[0.0, 0.0, 0.0, 0.0, 0.0]","[0.0, 0.0, 0.0, 0.0, 0.0]"
../../tutorials/data/ising_zne_hardware/100q_brisbane/step_09_J30.pk::#0,"[0.0, 0.0, 0.0, 0.0, 0.0]","[0.0, 0.0, 0.0, 0.0, 0.0]"
../../tutorials/data/ising_zne_hardware/100q_brisbane/step_04_J41.pk::#0,"[0.0, 0.0, 0.0, 0.0, 0.0]","[0.0, 0.0, 0.0, 0.0, 0.0]"
../../tutorials/data/ising_zne_hardware/100q_brisbane/step_08_J09.pk::#0,"[0.0, 0.0, 0.0, 0.0, 0.0]","[0.0, 0.0, 0.0, 0.0, 0.0]"
../../tutorials/data/ising_zne_hardware/100q_brisbane/step_06_J01.pk::#0,"[0.0, 0.0, 0.0, 0.0, 0.0]","[0.0, 0.0, 0.0, 0.0, 0.0]"
../../tutorials/data/ising_zne_hardware/100q_brisbane/step_01_J26.pk::#0,"[0.0, 0.0, 0.0, 0.0, 0.0]","[0.0, 0.0, 0.0, 0.0, 0.0]"
../../tutorials/data/ising_zne_hardware/100q_brisbane/step_10_J05.pk::#0,"[0.0, 0.0, 0.0, 0.0, 0.0]","[0.0, 0.0, 0.0, 0.0, 0.0]"
../../tutorials/data/ising_zne_hardware/100q_brisbane/step_07_J09.pk::#0,"[0.0, 0.0, 0.0, 0.0, 0.0]","[0.0, 0.0, 0.0, 0.0, 0.0]"
../../tutorials/data/ising_zne_hardware/100q_brisbane/step_06_J24.pk::#0,"[0.0, 0.0, 0.0, 0.0, 0.0]","[0.0, 0.0, 0.0, 0.0, 0.0]"
../../tutorials/data/ising_zne_hardware/100q_brisbane/step_03_J23.pk::#0,"[0.0, 0.0, 0.0, 0.0, 0.0]","[0.0, 0.0, 0.0, 0.0, 0.0]"
../../tutorials/data/ising_zne_hardware/100q_brisbane/step_08_J32.pk::#0,"[0.0, 0.0, 0.0, 0.0, 0.0]","[0.0, 0.0, 0.0, 0.0, 0.0]"
../../tutorials/data/ising_zne_hardware/100q_brisbane/step_09_J18.pk::#0,"[0.0, 0.0, 0.0, 0.0, 0.0]","[0.0, 0.0, 0.0, 0.0, 0.0]"
../../tutorials/data/ising_zne_hardware/100q_brisbane/step_09_J03.pk::#0,"[0.0, 0.0, 0.0, 0.0, 0.0]","[0.0, 0.0, 0.0, 0.0, 0.0]"
../../tutorials/data/ising_zne_hardware/100q_brisbane/step_01_J13.pk::#0,"[0.0, 0.0, 0.0, 0.0, 0.0]","[0.0, 0.0, 0.0, 0.0, 0.0]"
../../tutorials/data/ising_zne_hardware/100q_brisbane/step_08_J45.pk::#0,"[0.0, 0.0, 0.0, 0.0, 0.0]","[0.0, 0.0, 0.0, 0.0, 0.0]"
../../tutorials/data/ising_zne_hardware/100q_brisbane/step_06_J46.pk::#0,"[0.0, 0.0, 0.0, 0.0, 0.0]","[0.0, 0.0, 0.0, 0.0, 0.0]"
../../tutorials/data/ising_zne_hardware/100q_brisbane/step_07_J01.pk::#0,"[0.0, 0.0, 0.0, 0.0, 0.0]","[0.0, 0.0, 0.0, 0.0, 0.0]"
../../tutorials/data/ising_zne_hardware/100q_brisbane/step_06_J26.pk::#0,"[0.0, 0.0, 0.0, 0.0, 0.0]","[0.0, 0.0, 0.0, 0.0, 0.0]"
../../tutorials/data/ising_zne_hardware/100q_brisbane/step_08_J13.pk::#0,"[0.0, 0.0, 0.0, 0.0, 0.0]","[0.0, 0.0, 0.0, 0.0, 0.0]"
../../tutorials/data/ising_zne_hardware/100q_brisbane/step_01_J06.pk::#0,"[0.0, 0.0, 0.0, 0.0, 0.0]","[0.0, 0.0, 0.0, 0.0, 0.0]"
../../tutorials/data/ising_zne_hardware/100q_brisbane/step_04_J27.pk::#0,"[0.0, 0.0, 0.0, 0.0, 0.0]","[0.0, 0.0, 0.0, 0.0, 0.0]"
../../tutorials/data/ising_zne_hardware/100q_brisbane/step_05_J46.pk::#0,"[0.0, 0.0, 0.0, 0.0, 0.0]","[0.0, 0.0, 0.0, 0.0, 0.0]"
../../tutorials/data/ising_zne_hardware/100q_brisbane/step_09_J15.pk::#0,"[0.0, 0.0, 0.0, 0.0, 0.0]","[0.0, 0.0, 0.0, 0.0, 0.0]"
../../tutorials/data/ising_zne_hardware/100q_brisbane/step_10_J26.pk::#0,"[0.0, 0.0, 0.0, 0.0, 0.0]","[0.0, 0.0, 0.0, 0.0, 0.0]"
../../tutorials/data/ising_zne_hardware/100q_brisbane/step_03_J36.pk::#0,"[0.0, 0.0, 0.0, 0.0, 0.0]","[0.0, 0.0, 0.0, 0.0, 0.0]"
../../tutorials/data/ising_zne_hardware/100q_brisbane/step_06_J02.pk::#0,"[0.0, 0.0, 0.0, 0.0, 0.0]","[0.0, 0.0, 0.0, 0.0, 0.0]"
../../tutorials/data/ising_zne_hardware/100q_brisbane/step_07_J45.pk::#0,"[0.0, 0.0, 0.0, 0.0, 0.0]","[0.0, 0.0, 0.0, 0.0, 0.0]"
../../tutorials/data/ising_zne_hardware/100q_brisbane/step_10_J24.pk::#0,"[0.0, 0.0, 0.0, 0.0, 0.0]","[0.0, 0.0, 0.0, 0.0, 0.0]"
../../tutorials/data/ising_zne_hardware/100q_brisbane/step_03_J35.pk::#0,"[0.0, 0.0, 0.0, 0.0, 0.0]","[0.0, 0.0, 0.0, 0.0, 0.0]"
../../tutorials/data/ising_zne_hardware/100q_brisbane/step_01_J49.pk::#0,"[0.0, 0.0, 0.0, 0.0, 0.0]","[0.0, 0.0, 0.0, 0.0, 0.0]"
../../tutorials/data/ising_zne_hardware/100q_brisbane/step_04_J43.pk::#0,"[0.0, 0.0, 0.0, 0.0, 0.0]","[0.0, 0.0, 0.0, 0.0, 0.0]"
../../tutorials/data/ising_zne_hardware/100q_brisbane/step_02_J39.pk::#0,"[0.0, 0.0, 0.0, 0.0, 0.0]","[0.0, 0.0, 0.0, 0.0, 0.0]"
../../tutorials/data/ising_zne_hardware/100q_brisbane/step_03_J19.pk::#0,"[0.0, 0.0, 0.0, 0.0, 0.0]","[0.0, 0.0, 0.0, 0.0, 0.0]"
../../tutorials/data/ising_zne_hardware/100q_brisbane/step_03_J28.pk::#0,"[0.0, 0.0, 0.0, 0.0, 0.0]","[0.0, 0.0, 0.0, 0.0, 0.0]"
../../tutorials/data/ising_zne_hardware/100q_brisbane/step_05_J02.pk::#0,"[0.0, 0.0, 0.0, 0.0, 0.0]","[0.0, 0.0, 0.0, 0.0, 0.0]"
../../tutorials/data/ising_zne_hardware/100q_brisbane/step_10_J16.pk::#0,"[0.0, 0.0, 0.0, 0.0, 0.0]","[0.0, 0.0, 0.0, 0.0, 0.0]"
../../tutorials/data/ising_zne_hardware/100q_brisbane/step_02_J01.pk::#0,"[0.0, 0.0, 0.0, 0.0, 0.0]","[0.0, 0.0, 0.0, 0.0, 0.0]"
../../tutorials/data/ising_zne_hardware/100q_brisbane/step_10_J21.pk::#0,"[0.0, 0.0, 0.0, 0.0, 0.0]","[0.0, 0.0, 0.0, 0.0, 0.0]"
../../tutorials/data/ising_zne_hardware/100q_brisbane/step_08_J14.pk::#0,"[0.0, 0.0, 0.0, 0.0, 0.0]","[0.0, 0.0, 0.0, 0.0, 0.0]"
../../tutorials/data/ising_zne_hardware/100q_brisbane/step_05_J08.pk::#0,"[0.0, 0.0, 0.0, 0.0, 0.0]","[0.0, 0.0, 0.0, 0.0, 0.0]"
../../tutorials/data/ising_zne_hardware/100q_brisbane/step_08_J28.pk::#0,"[0.0, 0.0, 0.0, 0.0, 0.0]","[0.0, 0.0, 0.0, 0.0, 0.0]"
../../tutorials/data/ising_zne_hardware/100q_brisbane/step_07_J03.pk::#0,"[0.0, 0.0, 0.0, 0.0, 0.0]","[0.0, 0.0, 0.0, 0.0, 0.0]"
../../tutorials/data/ising_zne_hardware/100q_brisbane/step_04_J14.pk::#0,"[0.0, 0.0, 0.0, 0.0, 0.0]","[0.0, 0.0, 0.0, 0.0, 0.0]"
../../tutorials/data/ising_zne_hardware/100q_brisbane/step_02_J38.pk::#0,"[0.0, 0.0, 0.0, 0.0, 0.0]","[0.0, 0.0, 0.0, 0.0, 0.0]"
../../tutorials/data/ising_zne_hardware/100q_brisbane/step_03_J46.pk::#0,"[0.0, 0.0, 0.0, 0.0, 0.0]","[0.0, 0.0, 0.0, 0.0, 0.0]"
../../tutorials/data/ising_zne_hardware/100q_brisbane/step_06_J09.pk::#0,"[0.0, 0.0, 0.0, 0.0, 0.0]","[0.0, 0.0, 0.0, 0.0, 0.0]"
../../tutorials/data/ising_zne_hardware/100q_brisbane/step_05_J03.pk::#0,"[0.0, 0.0, 0.0, 0.0, 0.0]","[0.0, 0.0, 0.0, 0.0, 0.0]"
../../tutorials/data/ising_zne_hardware/100q_brisbane/step_07_J16.pk::#0,"[0.0, 0.0, 0.0, 0.0, 0.0]","[0.0, 0.0, 0.0, 0.0, 0.0]"
../../tutorials/data/ising_zne_hardware/100q_brisbane/step_08_J07.pk::#0,"[0.0, 0.0, 0.0, 0.0, 0.0]","[0.0, 0.0, 0.0, 0.0, 0.0]"
../../tutorials/data/ising_zne_hardware/100q_brisbane/step_08_J43.pk::#0,"[0.0, 0.0, 0.0, 0.0, 0.0]","[0.0, 0.0, 0.0, 0.0, 0.0]"
../../tutorials/data/ising_zne_hardware/100q_brisbane/step_02_J32.pk::#0,"[0.0, 0.0, 0.0, 0.0, 0.0]","[0.0, 0.0, 0.0, 0.0, 0.0]"
../../tutorials/data/ising_zne_hardware/100q_brisbane/step_08_J38.pk::#0,"[0.0, 0.0, 0.0, 0.0, 0.0]","[0.0, 0.0, 0.0, 0.0, 0.0]"
../../tutorials/data/ising_zne_hardware/100q_brisbane/step_01_J24.pk::#0,"[0.0, 0.0, 0.0, 0.0, 0.0]","[0.0, 0.0, 0.0, 0.0, 0.0]"
../../tutorials/data/ising_zne_hardware/100q_brisbane/step_08_J29.pk::#0,"[0.0, 0.0, 0.0, 0.0, 0.0]","[0.0, 0.0, 0.0, 0.0, 0.0]"
../../tutorials/data/ising_zne_hardware/100q_brisbane/step_08_J27.pk::#0,"[0.0, 0.0, 0.0, 0.0, 0.0]","[0.0, 0.0, 0.0, 0.0, 0.0]"
../../tutorials/data/ising_zne_hardware/100q_brisbane/step_03_J05.pk::#0,"[0.0, 0.0, 0.0, 0.0, 0.0]","[0.0, 0.0, 0.0, 0.0, 0.0]"
../../tutorials/data/ising_zne_hardware/100q_brisbane/step_08_J17.pk::#0,"[0.0, 0.0, 0.0, 0.0, 0.0]","[0.0, 0.0, 0.0, 0.0, 0.0]"
../../tutorials/data/ising_zne_hardware/100q_brisbane/step_02_J46.pk::#0,"[0.0, 0.0, 0.0, 0.0, 0.0]","[0.0, 0.0, 0.0, 0.0, 0.0]"
../../tutorials/data/ising_zne_hardware/100q_brisbane/step_08_J15.pk::#0,"[0.0, 0.0, 0.0, 0.0, 0.0]","[0.0, 0.0, 0.0, 0.0, 0.0]"
../../tutorials/data/ising_zne_hardware/100q_brisbane/step_05_J12.pk::#0,"[0.0, 0.0, 0.0, 0.0, 0.0]","[0.0, 0.0, 0.0, 0.0, 0.0]"
../../tutorials/data/ising_zne_hardware/100q_brisbane/step_04_J04.pk::#0,"[0.0, 0.0, 0.0, 0.0, 0.0]","[0.0, 0.0, 0.0, 0.0, 0.0]"
../../tutorials/data/ising_zne_hardware/100q_brisbane/step_02_J40.pk::#0,"[0.0, 0.0, 0.0, 0.0, 0.0]","[0.0, 0.0, 0.0, 0.0, 0.0]"
../../tutorials/data/ising_zne_hardware/100q_brisbane/step_08_J03.pk::#0,"[0.0, 0.0, 0.0, 0.0, 0.0]","[0.0, 0.0, 0.0, 0.0, 0.0]"
../../tutorials/data/ising_zne_hardware/100q_brisbane/step_02_J12.pk::#0,"[0.0, 0.0, 0.0, 0.0, 0.0]","[0.0, 0.0, 0.0, 0.0, 0.0]"
../../tutorials/data/ising_zne_hardware/100q_brisbane/step_09_J48.pk::#0,"[0.0, 0.0, 0.0, 0.0, 0.0]","[0.0, 0.0, 0.0, 0.0, 0.0]"
../../tutorials/data/ising_zne_hardware/100q_brisbane/step_07_J46.pk::#0,"[0.0, 0.0, 0.0, 0.0, 0.0]","[0.0, 0.0, 0.0, 0.0, 0.0]"
../../tutorials/data/ising_zne_hardware/100q_brisbane/step_10_J11.pk::#0,"[0.0, 0.0, 0.0, 0.0, 0.0]","[0.0, 0.0, 0.0, 0.0, 0.0]"
../../tutorials/data/ising_zne_hardware/100q_brisbane/step_04_J07.pk::#0,"[0.0, 0.0, 0.0, 0.0, 0.0]","[0.0, 0.0, 0.0, 0.0, 0.0]"
../../tutorials/data/ising_zne_hardware/100q_brisbane/step_02_J11.pk::#0,"[0.0, 0.0, 0.0, 0.0, 0.0]","[0.0, 0.0, 0.0, 0.0, 0.0]"
../../tutorials/data/ising_zne_hardware/100q_brisbane/step_04_J09.pk::#0,"[0.0, 0.0, 0.0, 0.0, 0.0]","[0.0, 0.0, 0.0, 0.0, 0.0]"
../../tutorials/data/ising_zne_hardware/100q_brisbane/step_03_J22.pk::#0,"[0.0, 0.0, 0.0, 0.0, 0.0]","[0.0, 0.0, 0.0, 0.0, 0.0]"
../../tutorials/data/ising_zne_hardware/100q_brisbane/step_07_J42.pk::#0,"[0.0, 0.0, 0.0, 0.0, 0.0]","[0.0, 0.0, 0.0, 0.0, 0.0]"
../../tutorials/data/ising_zne_hardware/100q_brisbane/step_08_J30.pk::#0,"[0.0, 0.0, 0.0, 0.0, 0.0]","[0.0, 0.0, 0.0, 0.0, 0.0]"
../../tutorials/data/ising_zne_hardware/100q_brisbane/step_09_J24.pk::#0,"[0.0, 0.0, 0.0, 0.0, 0.0]","[0.0, 0.0, 0.0, 0.0, 0.0]"
../../tutorials/data/ising_zne_hardware/100q_brisbane/step_05_J42.pk::#0,"[0.0, 0.0, 0.0, 0.0, 0.0]","[0.0, 0.0, 0.0, 0.0, 0.0]"
